Workbook
Name _Toc256000163: 'Special Signals Tables'!#REF!
Name _Toc256000164: 'Special Signals Tables'!#REF!

Sheet WARNING NOTE
A6: WARNING NOTICE
A8: THIS CHECKLIST HAS FORMULAS THAT AUTOMATICALLY CALCULATE SUMMATIONS AND ROLL-UPS OF COMPLIANCE STATE. THESE FORMULAS MAY HAVE ERRORS THAT HAVE NOT BEEN DETECTED. PLEASE BE ADVISED THAT DUE TO THE POTENTIAL FOR AN ERROR IT IS RECOMMENDED THAT A MANUAL VERIFICATION BE PERFORMED BY THE PERSON OR ORGANIZATION FILLING OUT THE CHECKLIST TO ENSURE THAT THE CHECKLIST ACCURATELY REFLECTS THE STATE OF COMPLIANCE FOR THE OMS ELEMENT IN QUESTION.
A10: Notes for the User:
A12: This workbook has protection applied to preserve formulas and cross referencing.
A14: User input is only required/allowed in the blue shaded cells of each worksheet, except for the Cover, Abstract and Rev Table, which are user editable.

Sheet Cover
A3: <REQUIRED: ISOLATOR CHECKLIST TITLE>
A4: <OPTIONAL: Organization CDRL Number>
A5: <OPTIONAL: Organization Logo>
A6: Prepared By:
A7: <REQUIRED: Organization>
A8: <OPTIONAL: Address>
A10: DISCLAIMER: The discussion of non-federal entities, methods, products, or services does not imply any endorsement by the United States Government, the Department of Defense, or the Department of the Air Force.
A11: Distribution Statement A. Approved for public release: distribution is unlimited.

Sheet Abstract
A1: ABSTRACT
A2: < The abstract is REQUIRED and is a brief summary of the document that follows and is used to help the reader quickly ascertain the document's purpose and overall content. >
A3: < Before attempting to fill out this checklist, the Isolator compliance assessor should have access to the referenced Service Contract for the Isolator. >
A4: This Isolator Checklist complies with the OMS Standard Version 2.5, OMSC-STD-001, Revision M, 22 January 2026.

Sheet Rev
A2: REVISION RECORD
A4: REVISION | B4: DATE | C4: DESCRIPTION
A5: - | B5: dd-mmm-yy | C5: Original

Sheet Tier Compliance
A1: =IF((AND(C4:C18))=TRUE,"Meets Isolator RQMTs for a Tier 1, Tier 2, or Tier 3 OMS Mission Package", IF((AND(C4:C14))=TRUE,"Meets Isolator RQMTs for a Tier 1 or Tier 2 OMS Mission Package",IF((AND(C4:C14))=TRUE,"Meets Isolator RQMTs for a Tier 1 OMS Mission Package", "Does Not Meet Isolator RQMTs for an OMS Mission Package"))) -> Does Not Meet Isolator RQMTs for an OMS Mission Package
A3: RQMT ID | B3: RQMT Topic | C3: RQMT Met?
A4: STD-000427 Tier 1, 2, 3 | B4: Service Contract Required | C4: ='Isolator RQMT Checklist'!C2 -> FALSE
A5: STD-000431 Tier 1, 2, 3 | B5: Use OMS CAL | C5: ='Isolator RQMT Checklist'!C20 -> FALSE
A6: STD-006939 Tier 1, 2, 3 | B6: Select Data Formats | C6: ='Isolator RQMT Checklist'!C22 -> TRUE
A7: STD-006940 Tier 1, 2, 3 | B7: Select Corresponding Protocols or APIs | C7: ='Isolator RQMT Checklist'!C30 -> TRUE
A8: STD-010121 Tier 1, 2, 3 | B8: Select Corresponding Protocols or APIs | C8: ='Isolator RQMT Checklist'!C38 -> TRUE
A9: STD-006941 Tier 1, 2, 3 | B9: Select Corresponding Protocols or APIs | C9: ='Isolator RQMT Checklist'!C46 -> TRUE
A10: STD-006942 Tier 1, 2, 3 | B10: Use URI formats | C10: ='Isolator RQMT Checklist'!C54 -> TRUE
A11: STD-008664 Tier 1, 2, 3 | B11: Report Status | C11: ='Isolator RQMT Checklist'!C61 -> FALSE
A12: STD-008665 Tier 1, 2, 3 | B12: Implement Configurable Periodicity | C12: ='Isolator RQMT Checklist'!C64 -> FALSE
A13: STD-008666 Tier 1, 2, 3 | B13: Implement Periodic Update Rate | C13: ='Isolator RQMT Checklist'!C68 -> FALSE
A14: STD-009707 Tier 1, 2, 3 | B14: Document Cybersecurity posture | C14: ='Isolator RQMT Checklist'!C69 -> FALSE
A15: STD-006939 Tier 3 | B15: Select Data Formats | C15: ='Isolator RQMT Checklist'!C26 -> TRUE
A16: STD-006940 Tier 3 | B16: Select Corresponding Protocols or APIs | C16: ='Isolator RQMT Checklist'!C34 -> TRUE
A17: STD-010121 Tier 3 | B17: Select Corresponding Protocols or APIs | C17: ='Isolator RQMT Checklist'!C42 -> TRUE
A18: STD-006941 Tier 3 | B18: Select Corresponding Protocols or APIs | C18: ='Isolator RQMT Checklist'!C50 -> TRUE

Sheet Isolator RQMT Checklist
A1: RQMT ID | B1: RQMT Text | C1: RQMT Met? | D1: Clarification | E1: Subordinate RQMTS | F1: Sub RQMTS Met? | G1: VR List | H1: All VRs Met? | I1: Verification Requirement (VR) | J1: VR Tier | K1: Guidance | L1: AC List | M1: VR Met? | N1: Acceptance Criteria (AC) | O1: Assessed Article | P1: AC Met? | Q1: N/A Rationale
A2: STD-000427 Tier 1, 2, 3 | B2: RQMT STD-000427 [An OMS Isolator shall be documented in a non-proprietary Service Contract, in accordance with the OMS Service Contract Template, for its interfaces that cross the OMS-facing Isolator boundary.] | C2: =AND((OR(IF(F2=TRUE,TRUE,FALSE),IF(F2="N/A",TRUE,FALSE))),H2=TRUE) -> FALSE | F2: N/A | G2: (-1) (-2) (-3) (-4) (-5) (-6) (-7) (-8) (-9) (-10) | H2: =AND(M2,M3,M4,M6,M8,M10,M12,M14,M16,M18) -> FALSE | I2: STD-000427 (-1): This requirement is verified by inspection of the delivered Service Contract for the Isolator showing that the Service Contract is complete and complies with the current version of the Service Contract Template, OMSC-TMP-003; inspection results are recorded in the [[Service Contract]] tab of the Isolator Checklist, OMSC-CHK-006. | J2: 1, 2, 3 | K2: “Current Version” in this context refers to the version of the Service Contract Template specified in the OMS Standard against which compliance is being measured. | L2: (-1)_1 | M2: =AND(OR(IF(P2=TRUE,TRUE,FALSE),(IF(P2="N/A",NOT(ISBLANK(Q2)))))) -> FALSE | N2: STD-000427 (-1)_1: The [[Service Contract]] tab of the Isolator Checklist shows that the delivered Service Contract is complete and complies with the current version of the Service Contract Template. | O2: Isolator Checklist | P2: ='Service Contract'!B2 -> FALSE | Q2: Auto Calculated
I3: STD-000427 (-2): This requirement is verified by inspection of the delivered Service Contract for the Isolator for proprietary labels. | J3: 1, 2, 3 | K3: Although a Service Contract may contain references to proprietary documentation, the Service Contract itself must be non-proprietary. | L3: (-2)_1 | M3: =AND(OR(IF(P3=TRUE,TRUE,FALSE),(IF(P3="N/A",NOT(ISBLANK(Q3)))))) -> FALSE | N3: STD-000427 (-2)_1: The delivered Service Contract for the Isolator has no proprietary labels applied to any of its pages. | O3: Service Contract | P3: AC 2-1 Met?
I4: STD-000427 (-3): This requirement is verified by inspection of the Service Contract for the Isolator showing that each “messaging” data exchange that crosses the OMS-facing Isolator boundary and is implemented by the Isolator, is documented in the delivered Service Contract; the inspection results are recorded in the appropriate tabs in the Isolator Checklist, OMSC-CHK-006. | J4: 1, 2, 3 | K4: OMS defines four types of data exchanges: (1) messaging, (2) data transfer, (3) special signals, and (4) security information exchanges. The intent is that each OMS Data Exchange and non-OMS data exchange that crosses the OMS-facing Isolator boundary is documented in the Service Contract. Security information exchanges are not applicable to an OMS Isolator. This VR verifies that the “messaging” data exchanges are documented in the Service Contract. Inspection results are documented in the Isolator Checklist; OMS Messages in the [[OMS Msgs]] tab and Non-OMS Messages in the [[Non-OMS Msgs]] tab. | L4: (-3)_1 (-3)_2 | M4: =AND(OR(IF(P4=TRUE,TRUE,FALSE),(IF(P4="N/A",NOT(ISBLANK(Q4))))),(OR(IF(P5=TRUE,TRUE,FALSE),(IF(P5="N/A",NOT(ISBLANK(Q5))))))) -> FALSE | N4: STD-000427 (-3)_1: The [[OMS Msgs]] tab of the Isolator Checklist has been completed for each OMS Message crossing the OMS-facing Isolator boundary and documented in the delivered Service Contract. | O4: Isolator Checklist | P4: ='OMS Msgs'!BN19 -> FALSE | Q4: Auto Calculated
N5: STD-000427 (-3)_2: The [[Non-OMS Msgs]] tab of the Isolator Checklist has been completed for each Non-OMS Message crossing the OMS-facing Isolator boundary and documented in the delivered Service Contract. | O5: Isolator Checklist | P5: ='Non-OMS Msgs'!I7 -> N/A | Q5: ='Non-OMS Msgs'!J7 -> No Non-OMS Msgs
I6: STD-000427 (-4): This requirement is verified by inspection of the [[Non-OMS Msgs]] tab of the Isolator Checklist showing that there are no Non-OMS Messages crossing the OMS-facing Isolator boundary. | J6: 1, 2, 3 | K6: The use of Non-OMS Messages are not OMS compliant. | L6: (-4)_1 (-4)_2 | M6: =AND(OR(IF(P6=TRUE,TRUE,FALSE),(IF(P6="N/A",NOT(ISBLANK(Q6))))),(OR(IF(P7=TRUE,TRUE,FALSE),(IF(P7="N/A",NOT(ISBLANK(Q7))))))) -> TRUE | N6: STD-000427 (-4)_1: If the [[Non-OMS Msgs]] tab of the Isolator Checklist shows there are no Non-OMS Messages crossing the OMS-facing Isolator boundary; then this VR is satisfied. | O6: Isolator Checklist | P6: ='Non-OMS Msgs'!I5 -> TRUE | Q6: Auto Calculated
N7: STD-000427 (-4)_2: If the [[Non-OMS Msgs]] tab of the Isolator Checklist documents any Non-OMS Messages crossing the OMS-facing Isolator boundary, the entry for each message includes the name of the Non-OMS Message, and supporting information/rationale as to why the Non-OMS Message could not be implemented as an OMS Message as defined in the OMS Standard. | O7: Isolator Checklist | P7: ='Non-OMS Msgs'!I6 -> N/A | Q7: ='Non-OMS Msgs'!J6 -> No Non-OMS Msgs
I8: STD-000427 (-5): This requirement is verified by inspection of the Service Contract for the Isolator showing that each “data transfer” data exchange, that crosses the OMS-facing boundary and is implemented by the Isolator, is documented in the delivered Service Contract; the inspection results are recorded in the appropriate tabs in the Isolator Checklist, OMSC-CHK-006. | J8: 1, 2, 3 | K8: This VR verifies that the “data transfer” data exchanges are documented in the Service Contract. Inspection results are documented in the Isolator Checklist; OMS Data Transfers in the [[OMS Data Transfer]] tab and Non-OMS Data Transfers in the [[Non-OMS Data Transfer]] tab. | L8: (-5)_1 (-5)_2 | M8: =AND(OR(IF(P8=TRUE,TRUE,FALSE),(IF(P8="N/A",NOT(ISBLANK(Q8))))),(OR(IF(P9=TRUE,TRUE,FALSE),(IF(P9="N/A",NOT(ISBLANK(Q9))))))) -> TRUE | N8: STD-000427 (-5)_1: The [[OMS Data Transfer]] tab of the Isolator Checklist has been completed for each OMS Data Transfer crossing the OMS-facing Isolator boundary and documented in the delivered Service Contract. | O8: Isolator Checklist | P8: ='OMS Data Transfer'!T38 -> N/A | Q8: ='OMS Data Transfer'!U38 -> No OMS Data Transfer
N9: STD-000427 (-5)_2: The [[Non-OMS Data Transfer]] tab of the Isolator Checklist has been completed for each Non-OMS Data Transfer crossing the OMS-facing Isolator boundary and documented in the delivered Service Contract. | O9: Isolator Checklist | P9: ='Non-OMS Data Transfer'!V32 -> N/A | Q9: ='Non-OMS Data Transfer'!W32 -> Invalid or No Non-OMS Combination for Data Type and Formats
I10: STD-000427 (-6): This requirement is verified by inspection of the Service Contract for the Isolator showing that each “special signal” data exchange, that crosses the OMS-facing Isolator boundary and is implemented by the Isolator, is documented in the delivered Service Contract; the inspection results are recorded in the appropriate tabs in the Isolator Checklist, OMSC-CHK-006. | J10: 1, 2, 3 | K10: This VR verifies that the “special signals” data exchanges are documented in the Service Contract. Inspection results are documented in the Isolator Checklist; OMS Special Signals are documented in the [[OMS Special Signals]] tab and non-OMS special signals are documented in the [[Non-OMS Special Signals]] tab of the Isolator Checklist. | L10: (-6)_1 (-6)_2 | M10: =AND(OR(IF(P10=TRUE,TRUE,FALSE),(IF(P10="N/A",NOT(ISBLANK(Q10))))),(OR(IF(P11=TRUE,TRUE,FALSE),(IF(P11="N/A",NOT(ISBLANK(Q11))))))) -> TRUE | N10: STD-000427 (-6)_1: The [[OMS Special Signals]] tab of the Isolator Checklist has been completed for each OMS Special Signal crossing the OMS-facing Isolator boundary and documented in the delivered Service Contract. | O10: Isolator Checklist | P10: ='OMS Special Signals'!O4 -> N/A | Q10: ='OMS Special Signals'!P4 -> No OMS Special Signals
N11: STD-000427 (-6)_2: The [[Non-OMS Special Signals]] tab of the Isolator Checklist has been completed for each non-OMS special signal crossing the OMS-facing Isolator boundary and documented in the delivered Service Contract. | O11: Isolator Checklist | P11: ='Non-OMS Special Signals'!T10 -> TRUE | Q11: Auto Calculated
I12: STD-000427 (-7): This requirement is verified by inspection of the Service Contract for the Isolator showing that the ports and protocols the Isolator can use for data transfer are documented. | J12: 1, 2, 3 | K12: This information is typically provided in the “Data Transfer Ports and Protocols” section of the Service Contract. | L12: (-7)_1 (-7)_2 | M12: =IF(P12=TRUE,TRUE,(AND((OR(IF(P13=TRUE,TRUE,FALSE),(IF(P13="N/A",NOT(ISBLANK(Q13))))))))) -> FALSE | N12: STD-000427 (-7)_1: If no ports or protocols are used for data transfer, then this VR is satisfied. | O12: Service Contract | P12: AC 7-1 Met?
N13: STD-000427 (-7)_2: The ports and protocols for data transfer are documented in the Service Contract. | O13: Service Contract | P13: AC 7-2 Met?
I14: STD-000427 (-8): This requirement is verified by inspection of the Service Contract for the Isolator showing that the confidentiality mechanism(s) the Isolator can use for data transfer are documented. | J14: 1, 2, 3 | K14: This information is typically provided in the “Data Transfer Confidentiality Mechanisms” section of the Service Contract. | L14: (-8)_1 (-8)_2 | M14: =IF(P14=TRUE,TRUE,(AND((OR(IF(P15=TRUE,TRUE,FALSE),(IF(P15="N/A",NOT(ISBLANK(Q15))))))))) -> FALSE | N14: STD-000427 (-8)_1: If confidentiality for data transfer is not required, then this VR is satisfied. | O14: Service Contract | P14: AC 8-1 Met?
N15: STD-000427 (-8)_2: The confidentiality mechanism(s) for data transfer are documented in the Service Contract. | O15: Service Contract | P15: AC 8-2 Met?
I16: STD-000427 (-9): This requirement is verified by inspection of the Service Contract for the Isolator showing that the integrity mechanism(s) the Isolator can use for data transfer are documented. | J16: 1, 2, 3 | K16: This information is typically provided in the “Data Transfer Integrity Mechanisms” section of the Service Contract. | L16: (-9)_1 (-9)_2 | M16: =IF(P16=TRUE,TRUE,(AND((OR(IF(P17=TRUE,TRUE,FALSE),(IF(P17="N/A",NOT(ISBLANK(Q17))))))))) -> FALSE | N16: STD-000427 (-9)_1: If integrity for data transfer is not required, then this VR is satisfied. | O16: Service Contract | P16: AC 9-1 Met?
N17: STD-000427 (-9)_2: The integrity mechanism(s) for data transfer are documented in the Service Contract. | O17: Service Contract | P17: AC 9-2 Met?
I18: STD-000427 (-10): This requirement is verified by inspection of the Service Contract for the Isolator showing that the failure behavior(s) the Isolator can use for data transfer are documented. | J18: 1, 2, 3 | K18: This information is typically provided in the “Data Transfer Failure Behaviors” section of the Service Contract. | L18: (-10)_1 (-10)_2 | M18: =IF(P18=TRUE,TRUE,(AND((OR(IF(P19=TRUE,TRUE,FALSE),(IF(P19="N/A",NOT(ISBLANK(Q19))))))))) -> FALSE | N18: STD-000427 (-10)_1: If failure behavior for data transfer is not required, then this VR is satisfied. | O18: Service Contract | P18: AC 10-1 Met?
N19: STD-000427 (-10)_2: The failure behavior(s) for data transfer are documented in the Service Contract. | O19: Service Contract | P19: AC 10-2 Met?
A20: STD-000431 Tier 1, 2, 3 | B20: RQMT STD-000431 [An OMS Isolator shall use the OMS CAL, for its interfaces that cross the OMS-facing Isolator boundary, to send and/or receive OMS Messages over the OMS ASB.] | C20: =AND((OR(IF(F20=TRUE,TRUE,FALSE),IF(F20="N/A",TRUE,FALSE))),H20=TRUE) -> FALSE | F20: N/A | G20: (-1) | H20: =AND(M20) -> FALSE | I20: STD-000431 (-1): This requirement is verified by inspection of the Service Contract for the Isolator and the associated functional test results showing that each OMS Message used by the Isolator as an input/output message has successfully passed through a CAL between the Isolator and a test harness. The [[OMS Msgs]] tab of the Isolator Checklist, OMSC-CHK-006 is completed by listing each OMS Message used by the Isolator and documenting the location of the functional test results. | J20: 1, 2, 3 | K20: Data exchanges over the OMS ASB that are not made using the OMS Message Schema are fully identified and documented in the Service Contract. Proprietary data exchanges over the OMS ASB are not OMS compliant. Isolators connected to the OMS ASB may have some non-OMS interactions, but these non-OMS interactions will impact the OMS Tier level for the Mission Package. Isolators do not need to be hosted in an OCE to be compliant. It is entirely possible for an Isolator to be hosted inside an OMS-compliant Subsystem. Additionally, Isolators that have special requirements may be hosted outside of the OCE. Regardless of where Isolators are hosted, all OMS-compliant Isolators use the OMS CAL when communicating across the ASB. The Starter Kit CAL or a CAL from another program is sufficient for testing this requirement. | L20: (-1)_1 (-1)_2 | M20: =AND(OR(IF(P20=TRUE,TRUE,FALSE),(IF(P20="N/A",NOT(ISBLANK(Q20))))),(OR(IF(P21=TRUE,TRUE,FALSE),(IF(P21="N/A",NOT(ISBLANK(Q21))))))) -> FALSE | N20: STD-000431 (-1)_1: The [[OMS Msgs]] tab of the Isolator Checklist has been completed and identifies each OMS Message used by the Isolator and the location of the associated functional test results for each OMS Message. | O20: Isolator Checklist | P20: ='OMS Msgs'!BN20 -> FALSE | Q20: Auto Calculated
N21: STD-000431 (-1)_2: The functional test results for the Isolator show that each OMS Message used by the Isolator and identified as an input/output message in the Service Contract, has been tested and has successfully passed through a CAL between the Isolator and a test harness. | O21: functional test results | P21: AC 1-2 Met?
A22: STD-006939 Tier 1, 2, 3 | B22: RQMT STD-006939 [For each data type identified in column A of the “Data Transfer Formats, APIs, and Protocols” table, an OMS Isolator shall select from the corresponding data formats in column B of the “Data Transfer Formats, APIs, and Protocols” table for data transfers that cross the OMS-facing Isolator boundary.] | C22: =AND((OR(IF(F22=TRUE,TRUE,FALSE),IF(F22="N/A",TRUE,FALSE))),H22=TRUE) -> TRUE | F22: N/A | G22: (-1) | H22: =AND(M22) -> TRUE | I22: STD-006939 (-1): This requirement is verified by inspection of the Service Contract for the Isolator for each data transfer that crosses the OMS-facing Isolator boundary; the data type per column A and the data format per column B is identified for each data transfer and compared to the permitted combinations listed in the “Data Transfer Formats, APIs, and Protocols” table; the inspection results are recorded in the appropriate tabs of the Isolator Checklist, OMSC-CHK-006. | J22: 1, 2, 3 | K22: Data transfers that use one of the permitted combinations per the “Data Transfer Formats, APIs, and Protocols” table are recorded in the [[OMS Data Transfer]] tab; data transfers not using one of the permitted combinations are recorded in the [[Non-OMS Data Transfer]] tab of the Isolator Checklist. If the protocols, APIs, and/or formats listed in the “Data Transfer Formats, APIs, and Protocols” table are not sufficient, an explanation as to why that is so should be captured in the “Data Transfer” section of the Service Contract. Details of any non-proprietary protocol, data format, or API that is not represented in the “Data Transfer Formats, APIs, and Protocols” table should be fully documented (or provide corresponding reference(s)) in the “Data Transfer” section of the Service Contract. The following restrictions apply for all OMS Data Transfer combinations: 1) does not overlap with OMS Messages, 2) does not overlap with any other OMS Data Exchanges, and 3) does not transfer external standards second hand. Non-OMS Data Transfers are typically restricted to OMS compliance Tier 1. However, when an OACWG-approved Change Request is identified, then the Non-OMS Data Transfer will be assessed at the maximum allowed Tier specified by the OACWG. | L22: (-1)_1 (-1)_2 (-1)_3 (-1)_4 | M22: =AND(OR(IF(P22=TRUE,TRUE,FALSE),(IF(P22="N/A",NOT(ISBLANK(Q22))))),(OR(IF(P23=TRUE,TRUE,FALSE),(IF(P23="N/A",NOT(ISBLANK(Q23)))))),(OR(IF(P24=TRUE,TRUE,FALSE),(IF(P24="N/A",NOT(ISBLANK(Q24)))))),(OR(IF(P25=TRUE,TRUE,FALSE),(IF(P25="N/A",NOT(ISBLANK(Q25))))))) -> TRUE | N22: STD-006939 (-1)_1: If, for each data transfer crossing the OMS-facing Isolator boundary, the [[OMS Data Transfer]] tab of the Isolator Checklist shows that the data format in column B corresponds to the data type per column A as listed in the “Data Transfer Formats, APIs, and Protocols” table, including conforming to specified restrictions, then this VR is satisfied. | O22: Isolator Checklist | P22: ='OMS Data Transfer'!T33 -> N/A | Q22: ='OMS Data Transfer'!U33 -> No OMS Data Transfer
N23: STD-006939 (-1)_2: Each data transfer using a data type/data format combination that is not listed in the “Data Transfer Formats, APIs, and Protocols” table, but is covered by the “Non-OMS Data Transfers” table, is identified in the [[Non-OMS Data Transfer]] tab. | O23: Isolator Checklist | P23: ='Non-OMS Data Transfer'!V25 -> N/A | Q23: ='Non-OMS Data Transfer'!W25 -> Invalid or No Non-OMS Combination for Data Type and Formats
N24: STD-006939 (-1)_3: A description of the data format is provided for each Non-OMS Data Transfer listed in the [[Non-OMS Data Transfer]] tab. | O24: Isolator Checklist | P24: ='Non-OMS Data Transfer'!V30 -> N/A | Q24: ='Non-OMS Data Transfer'!W30 -> Invalid or No Non-OMS Combination for Data Type and Formats
N25: STD-006939 (-1)_4: A rationale is provided for each Non-OMS Data Transfer listed in the [[Non-OMS Data Transfer]] tab explaining why the data transfer could not be implemented using a permitted combination per the “Data Transfer Formats, APIs, and Protocols” table. | O25: Isolator Checklist | P25: ='Non-OMS Data Transfer'!V31 -> N/A | Q25: ='Non-OMS Data Transfer'!W31 -> Invalid or No Non-OMS Combination for Data Type and Formats
A26: STD-006939 Tier 3 | B26: RQMT STD-006939 [For each data type identified in column A of the “Data Transfer Formats, APIs, and Protocols” table, an OMS Isolator shall select from the corresponding data formats in column B of the “Data Transfer Formats, APIs, and Protocols” table for data transfers that cross the OMS-facing Isolator boundary.] | C26: =AND((OR(IF(F26=TRUE,TRUE,FALSE),IF(F26="N/A",TRUE,FALSE))),H26=TRUE) -> TRUE | F26: N/A | G26: (-1) (-2) (-3) | H26: =AND(M22,M26,M27) -> TRUE | I26: STD-006939 (-2): This requirement is verified by inspection of the Service Contract documentation for each data transfer that crosses the OMS-facing Isolator boundary; the data type per column A and the data format per column B are identified for each data transfer and compared to the permitted combinations listed in the “Data Transfer Formats, APIs, and Protocols” table where the Max Assessed Tier value in column F is 3; the inspection results are recorded in the appropriate tabs of the Isolator Checklist, OMSC-CHK-006. | J26: 3 | K26: Data transfers that use one of the permitted combinations for Max Assessed Tier of 3 per the “Data Transfer Formats, APIs, and Protocols” table are recorded in the [[OMS Data Transfer]] tab. | L26: (-2)_1 | M26: =AND(OR(IF(P26=TRUE,TRUE,FALSE),(IF(P26="N/A",NOT(ISBLANK(Q26)))))) -> TRUE | N26: STD-006939 (-2)_1: If, for each data transfer crossing the OMS-facing Isolator boundary, the [[OMS Data Transfer]] tab of the Isolator Checklist shows that the data format in column B corresponds to the data type per column A as listed in the “Data Transfer Formats, APIs, and Protocols” table where the Max Assessed Tier value in column F is 3, then this VR is satisfied. | O26: Isolator Checklist | P26: ='OMS Data Transfer'!T32 -> TRUE | Q26: Auto Calculated
I27: STD-006939 (-3): This requirement is verified by inspection of the Change Request documentation which adds each data type/data format combination listed in the [[Non-OMS Data Transfer]] tab of the Isolator Checklist, OMSC-CHK-006. | J27: 3 | K27: Submission of a Change Request is required to: 1. Add a format, protocol, or API, or 2. Use an existing OMS format, protocol, or API to transfer a type of data not covered by the “Data Transfer Formats, APIs, and Protocols” table. This Change Request will be considered part of compliance verification and validation. The following artifacts should be reviewed as part of the Change Request during the OACWG change process: 1. Full definition of any Data Transfer formats, protocols, and APIs proposed to be changed/added/deleted. 2. Red-lined versions of all Standard documentation affected by the change. 3. Test plan that shows testing or use of these Data Transfer formats and any progress should be included. 4. Response to any issues where this material is presented. It is the expectation that the Isolator is using the Change Request update as approved by the OACWG. | L27: (-3)_1 (-3)_2 (-3)_3 | M27: =AND(OR(IF(P27=TRUE,TRUE,FALSE),(IF(P27="N/A",NOT(ISBLANK(Q27))))),(OR(IF(P28=TRUE,TRUE,FALSE),(IF(P28="N/A",NOT(ISBLANK(Q28)))))),(OR(IF(P29=TRUE,TRUE,FALSE),(IF(P29="N/A",NOT(ISBLANK(Q29))))))) -> TRUE | N27: STD-006939 (-3)_1: If there are no Non-OMS Data Transfers listed in the [[Non-OMS Data Transfer]] tab, then this VR is satisfied. | O27: Isolator Checklist | P27: ='Non-OMS Data Transfer'!V33 -> TRUE | Q27: Auto Calculated
N28: STD-006939 (-3)_2: A Change Request documenting each Non-OMS Data Transfer identified in the [[Non-OMS Data Transfer]] tab and adding the required changes to the “Data Transfer Formats, APIs, and Protocols” table where the Max Assessed Tier value in column F is 3 has been submitted to and approved by the OACWG for the Change Request. | O28: Change Request | P28: ='Non-OMS Data Transfer'!V34 -> N/A | Q28: ='Non-OMS Data Transfer'!W34 -> Invalid or No Non-OMS Combination for Data Type and Formats
N29: STD-006939 (-3)_3: The Change Request ID of the Change Request has been documented in the [[Non-OMS Data Transfer]] tab. | O29: Isolator Checklist | P29: ='Non-OMS Data Transfer'!V36 -> N/A | Q29: ='Non-OMS Data Transfer'!W36 -> Invalid or No Non-OMS Combination for Data Type and Formats
A30: STD-006940 Tier 1, 2, 3 | B30: RQMT STD-006940 [For each data type identified in column A of the “Data Transfer Formats, APIs, and Protocols” table, an OMS Isolator shall select from the corresponding protocols/APIs in column C of the “Data Transfer Formats, APIs, and Protocols” table for exclusive use data transfers that cross the OMS-facing Isolator boundary.] | C30: =AND((OR(IF(F30=TRUE,TRUE,FALSE),IF(F30="N/A",TRUE,FALSE))),H30=TRUE) -> TRUE | F30: N/A | G30: (-1) | H30: =AND(M30) -> TRUE | I30: STD-006940 (-1): This requirement is verified by inspection of the Service Contract for the Isolator for each data transfer that crosses the OMS-facing Isolator boundary; the data type per column A and the protocol/API per column C is identified for each data transfer and compared to the permitted combinations listed in the “Data Transfer Formats, APIs, and Protocols” table; the inspection results are recorded in the appropriate tabs of the Isolator Checklist, OMSC-CHK-006. | J30: 1, 2, 3 | K30: Data transfers that use one of the permitted combinations per the “Data Transfer Formats, APIs, and Protocols” table are recorded in the [[OMS Data Transfer]] tab; data transfers not using one of the permitted combinations are recorded in the [[Non-OMS Data Transfer]] tab of the Isolator Checklist. If the protocols, APIs, and/or formats listed in the “Data Transfer Formats, APIs, and Protocols” table are not sufficient, an explanation as to why that is so should be captured in the “Data Transfer” section of the Service Contract. Details of any non-proprietary protocol, data format, or API that is not represented in the “Data Transfer Formats, APIs, and Protocols” table should be fully documented (or provide corresponding reference(s)) in the “Data Transfer” section of the Service Contract. The following restrictions apply for all OMS Data Transfer combinations: 1) does not overlap with OMS Messages, 2) does not overlap with any other OMS Data Exchanges, and 3) does not transfer external standards second hand. Non-OMS Data Transfers are typically restricted to OMS compliance Tier 1. However, when an OACWG-approved Change Request is identified, then the Non-OMS Data Transfer will be assessed at the maximum allowed Tier specified by the OACWG. | L30: (-1)_1 (-1)_2 (-1)_3 (-1)_4 | M30: =AND(OR(IF(P30=TRUE,TRUE,FALSE),(IF(P30="N/A",NOT(ISBLANK(Q30))))),(OR(IF(P31=TRUE,TRUE,FALSE),(IF(P31="N/A",NOT(ISBLANK(Q31)))))),(OR(IF(P32=TRUE,TRUE,FALSE),(IF(P32="N/A",NOT(ISBLANK(Q32)))))),(OR(IF(P33=TRUE,TRUE,FALSE),(IF(P33="N/A",NOT(ISBLANK(Q33))))))) -> TRUE | N30: STD-006940 (-1)_1: If, for each data transfer crossing the OMS-facing Isolator boundary, the [[OMS Data Transfer]] tab of the Isolator Checklist shows that the protocol/API in column C corresponds to the data type per column A as listed in the “Data Transfer Formats, APIs, and Protocols” table, including conforming to specified restrictions, then this VR is satisfied. | O30: Isolator Checklist | P30: ='OMS Data Transfer'!T34 -> N/A | Q30: ='OMS Data Transfer'!U34 -> No OMS Data Transfer
N31: STD-006940 (-1)_2: Each data transfer using a data type/protocol or API combination that is not listed in the “Data Transfer Formats, APIs, and Protocols” table, but is covered by the “Non-OMS Data Transfers” table, is identified in the [[Non-OMS Data Transfer]] tab. | O31: Isolator Checklist | P31: ='Non-OMS Data Transfer'!V26 -> N/A | Q31: ='Non-OMS Data Transfer'!W26 -> Invalid or No Non-OMS Combination for Data Type and Formats
N32: STD-006940 (-1)_3: A description of the data format is provided for each Non-OMS Data Transfer listed in the [[Non-OMS Data Transfer]] tab. | O32: Isolator Checklist | P32: ='Non-OMS Data Transfer'!V30 -> N/A | Q32: ='Non-OMS Data Transfer'!W30 -> Invalid or No Non-OMS Combination for Data Type and Formats
N33: STD-006940 (-1)_4: A rationale is provided for each Non-OMS Data Transfer listed in the [[Non-OMS Data Transfer]] tab explaining why the data transfer could not be implemented using a permitted combination per the “Data Transfer Formats, APIs, and Protocols” table. | O33: Isolator Checklist | P33: ='Non-OMS Data Transfer'!V31 -> N/A | Q33: ='Non-OMS Data Transfer'!W31 -> Invalid or No Non-OMS Combination for Data Type and Formats
A34: STD-006940 Tier 3 | B34: RQMT STD-006940 [For each data type identified in column A of the “Data Transfer Formats, APIs, and Protocols” table, an OMS Isolator shall select from the corresponding protocols/APIs in column C of the “Data Transfer Formats, APIs, and Protocols” table for exclusive use data transfers that cross the OMS-facing Isolator boundary.] | C34: =AND((OR(IF(F34=TRUE,TRUE,FALSE),IF(F34="N/A",TRUE,FALSE))),H34=TRUE) -> TRUE | F34: N/A | G34: (-1) (-2) (-3) | H34: =AND(M30,M34,M35) -> TRUE | I34: STD-006940 (-2): This requirement is verified by inspection of the Service Contract documentation for each data transfer that crosses the OMS-facing Isolator boundary; the data type per column A and the protocols/APIs per column C are identified for each data transfer and compared to the permitted combinations listed in the “Data Transfer Formats, APIs, and Protocols” table where the Max Assessed Tier value in column F is 3; the inspection results are recorded in the appropriate tabs of the Isolator Checklist, OMSC-CHK-006. | J34: 3 | K34: Data transfers that use one of the permitted combinations for Max Assessed Tier of 3 per the “Data Transfer Formats, APIs, and Protocols” table are recorded in the [[OMS Data Transfer]] tab. | L34: (-2)_1 | M34: =AND(OR(IF(P34=TRUE,TRUE,FALSE),(IF(P34="N/A",NOT(ISBLANK(Q34)))))) -> TRUE | N34: STD-006940 (-2)_1: If, for each data transfer crossing the OMS-facing Isolator boundary, the [[OMS Data Transfer]] tab of the Isolator Checklist shows that the protocol/API in column C corresponds to the data type per column A as listed in the “Data Transfer Formats, APIs, and Protocols” table where the Max Assessed Tier value in column F is 3, then this VR is satisfied. | O34: Isolator Checklist | P34: ='OMS Data Transfer'!T32 -> TRUE | Q34: Auto Calculated
I35: STD-006940 (-3): This requirement is verified by inspection of the Change Request documentation which adds each data type and protocol/API combination listed in the [[Non-OMS Data Transfer]] tab of the Isolator Checklist, OMSC-CHK-006. | J35: 3 | K35: Submission of a Change Request is required to: 1. Add a format, protocol, or API, or 2. Use an existing OMS format, protocol, or API to transfer a type of data not covered by the “Data Transfer Formats, APIs, and Protocols” table. This Change Request will be considered part of compliance verification and validation. The following artifacts should be reviewed as part of the Change Request during the OACWG change process: 1. Full definition of any Data Transfer formats, protocols, and APIs proposed to be changed/added/deleted. 2. Red-lined versions of all Standard documentation affected by the change. 3. Test plan that shows testing or use of these Data Transfer formats and any progress should be included. 4. Response to any issues where this material is presented. It is the expectation that the Isolator is using the Change Request update as approved by the OACWG. | L35: (-3)_1 (-3)_2 (-3)_3 | M35: =AND(OR(IF(P35=TRUE,TRUE,FALSE),(IF(P35="N/A",NOT(ISBLANK(Q35))))),(OR(IF(P36=TRUE,TRUE,FALSE),(IF(P36="N/A",NOT(ISBLANK(Q36)))))),(OR(IF(P37=TRUE,TRUE,FALSE),(IF(P37="N/A",NOT(ISBLANK(Q37))))))) -> TRUE | N35: STD-006940 (-3)_1: If there are no Non-OMS Data Transfers listed in the [[Non-OMS Data Transfer]] tab, then this VR is satisfied. | O35: Isolator Checklist | P35: ='Non-OMS Data Transfer'!V33 -> TRUE | Q35: Auto Calculated
N36: STD-006940 (-3)_2: A Change Request documenting each Non-OMS Data Transfer identified in the [[Non-OMS Data Transfer]] tab and adding the required changes to the “Data Transfer Formats, APIs, and Protocols” table where the Max Assessed Tier value in column F is 3 has been submitted to and approved by the OACWG for the Change Request. | O36: Change Request | P36: ='Non-OMS Data Transfer'!V34 -> N/A | Q36: ='Non-OMS Data Transfer'!W34 -> Invalid or No Non-OMS Combination for Data Type and Formats
N37: STD-006940 (-3)_3: The Change Request ID of the Change Request has been documented in the [[Non-OMS Data Transfer]] tab. | O37: Isolator Checklist | P37: ='Non-OMS Data Transfer'!V36 -> N/A | Q37: ='Non-OMS Data Transfer'!W36 -> Invalid or No Non-OMS Combination for Data Type and Formats
A38: STD-010121 Tier 1, 2, 3 | B38: RQMT STD-010121 [For each data type identified in column A of the “Data Transfer Formats, APIs, and Protocols” table, an OMS Isolator shall select from the corresponding protocols/APIs in column D of the “Data Transfer Formats, APIs, and Protocols” table for shared read-only data transfers that cross the OMS-facing Isolator boundary.] | C38: =AND((OR(IF(F38=TRUE,TRUE,FALSE),IF(F38="N/A",TRUE,FALSE))),H38=TRUE) -> TRUE | F38: N/A | G38: (-1) | H38: =AND(M38) -> TRUE | I38: STD-010121 (-1): This requirement is verified by inspection of the Service Contract for the Isolator for each data transfer that crosses the OMS-facing Isolator boundary; the data type per column A and the protocol/API per column D is identified for each data transfer and compared to the permitted combinations listed in the “Data Transfer Formats, APIs, and Protocols” table; the inspection results are recorded in the appropriate tabs of the Isolator Checklist, OMSC-CHK-006. | J38: 1, 2, 3 | K38: Data transfers that use one of the permitted combinations per the “Data Transfer Formats, APIs, and Protocols” table are recorded in the [[OMS Data Transfer]] tab; data transfers not using one of the permitted combinations are recorded in the [[Non-OMS Data Transfer]] tab of the Isolator Checklist. If the protocols, APIs, and/or formats listed in the “Data Transfer Formats, APIs, and Protocols” table are not sufficient, an explanation as to why that is so should be captured in the “Data Transfer” section of the Service Contract. Details of any non-proprietary protocol, data format, or API that is not represented in the “Data Transfer Formats, APIs, and Protocols” table should be fully documented (or provide corresponding reference(s)) in the “Data Transfer” section of the Service Contract. The following restrictions apply for all OMS Data Transfer combinations: 1) does not overlap with OMS Messages, 2) does not overlap with any other OMS Data Exchanges, and 3) does not transfer external standards second hand. Non-OMS Data Transfers are typically restricted to OMS compliance Tier 1. However, when an OACWG-approved Change Request is identified, then the Non-OMS Data Transfer will be assessed at the maximum allowed Tier specified by the OACWG. | L38: (-1)_1 (-1)_2 (-1)_3 (-1)_4 | M38: =AND(OR(IF(P38=TRUE,TRUE,FALSE),(IF(P38="N/A",NOT(ISBLANK(Q38))))),(OR(IF(P39=TRUE,TRUE,FALSE),(IF(P39="N/A",NOT(ISBLANK(Q39)))))),(OR(IF(P40=TRUE,TRUE,FALSE),(IF(P40="N/A",NOT(ISBLANK(Q40)))))),(OR(IF(P41=TRUE,TRUE,FALSE),(IF(P41="N/A",NOT(ISBLANK(Q41))))))) -> TRUE | N38: STD-010121 (-1)_1: If, for each data transfer crossing the OMS-facing Isolator boundary, the [[OMS Data Transfer]] tab of the Isolator Checklist shows that the protocol/API in column D corresponds to the data type per column A as listed in the “Data Transfer Formats, APIs, and Protocols” table, including conforming to specified restrictions, then this VR is satisfied. | O38: Isolator Checklist | P38: ='OMS Data Transfer'!T35 -> N/A | Q38: ='OMS Data Transfer'!U35 -> No OMS Data Transfer
N39: STD-010121 (-1)_2: Each data transfer using a data type/protocol or API combination that is not listed in the “Data Transfer Formats, APIs, and Protocols” table, but is covered by the “Non-OMS Data Transfers” table, is identified in the [[Non-OMS Data Transfer]] tab. | O39: Isolator Checklist | P39: ='Non-OMS Data Transfer'!V27 -> N/A | Q39: ='Non-OMS Data Transfer'!W27 -> Invalid or No Non-OMS Combination for Data Type and Formats
N40: STD-010121 (-1)_3: A description of the data format is provided for each Non-OMS Data Transfer listed in the [[Non-OMS Data Transfer]] tab. | O40: Isolator Checklist | P40: ='Non-OMS Data Transfer'!V30 -> N/A | Q40: ='Non-OMS Data Transfer'!W30 -> Invalid or No Non-OMS Combination for Data Type and Formats
N41: STD-010121 (-1)_4: A rationale is provided for each Non-OMS Data Transfer listed in the [[Non-OMS Data Transfer]] tab explaining why the data transfer could not be implemented using a permitted combination per the “Data Transfer Formats, APIs, and Protocols” table. | O41: Isolator Checklist | P41: ='Non-OMS Data Transfer'!V31 -> N/A | Q41: ='Non-OMS Data Transfer'!W31 -> Invalid or No Non-OMS Combination for Data Type and Formats
A42: STD-010121 Tier 3 | B42: RQMT STD-010121 [For each data type identified in column A of the “Data Transfer Formats, APIs, and Protocols” table, an OMS Isolator shall select from the corresponding protocols/APIs in column D of the “Data Transfer Formats, APIs, and Protocols” table for shared read-only data transfers that cross the OMS-facing Isolator boundary.] | C42: =AND((OR(IF(F42=TRUE,TRUE,FALSE),IF(F42="N/A",TRUE,FALSE))),H42=TRUE) -> TRUE | F42: N/A | G42: (-1) (-2) (-3) | H42: =AND(M38,M42,M43) -> TRUE | I42: STD-010121 (-2): This requirement is verified by inspection of the Service Contract documentation for each data transfer that crosses the OMS-facing Isolator boundary; the data type per column A and the protocols/APIs per column D are identified for each data transfer and compared to the permitted combinations listed in the “Data Transfer Formats, APIs, and Protocols” table where the Max Assessed Tier value in column F is 3; the inspection results are recorded in the appropriate tabs of the Isolator Checklist, OMSC-CHK-006. | J42: 3 | K42: Data transfers that use one of the permitted combinations for Max Assessed Tier of 3 per the “Data Transfer Formats, APIs, and Protocols” table are recorded in the [[OMS Data Transfer]] tab. | L42: (-2)_1 | M42: =AND(OR(IF(P42=TRUE,TRUE,FALSE),(IF(P42="N/A",NOT(ISBLANK(Q42)))))) -> TRUE | N42: STD-010121 (-2)_1: If, for each data transfer crossing the OMS-facing Isolator boundary, the [[OMS Data Transfer]] tab of the Isolator Checklist shows that the protocol/API in column D corresponds to the data type per column A as listed in the “Data Transfer Formats, APIs, and Protocols” table where the Max Assessed Tier value in column F is 3, then this VR is satisfied. | O42: Isolator Checklist | P42: ='OMS Data Transfer'!T32 -> TRUE | Q42: Auto Calculated
I43: STD-010121 (-3): This requirement is verified by inspection of the Change Request documentation which adds each data type and protocol/API combination listed in the [[Non-OMS Data Transfer]] tab of the Isolator Checklist, OMSC-CHK-006. | J43: 3 | K43: Submission of a Change Request is required to: 1. Add a format, protocol, or API, or 2. Use an existing OMS format, protocol, or API to transfer a type of data not covered by the “Data Transfer Formats, APIs, and Protocols” table. This Change Request will be considered part of compliance verification and validation. The following artifacts should be reviewed as part of the Change Request during the OACWG change process: 1. Full definition of any Data Transfer formats, protocols, and APIs proposed to be changed/added/deleted. 2. Red-lined versions of all Standard documentation affected by the change. 3. Test plan that shows testing or use of these Data Transfer formats and any progress should be included. 4. Response to any issues where this material is presented. It is the expectation that the Isolator is using the Change Request update as approved by the OACWG. | L43: (-3)_1 (-3)_2 (-3)_3 | M43: =AND(OR(IF(P43=TRUE,TRUE,FALSE),(IF(P43="N/A",NOT(ISBLANK(Q43))))),(OR(IF(P44=TRUE,TRUE,FALSE),(IF(P44="N/A",NOT(ISBLANK(Q44)))))),(OR(IF(P45=TRUE,TRUE,FALSE),(IF(P45="N/A",NOT(ISBLANK(Q45))))))) -> TRUE | N43: STD-010121 (-3)_1: If there are no Non-OMS Data Transfers listed in the [[Non-OMS Data Transfer]] tab, then this VR is satisfied. | O43: Isolator Checklist | P43: ='Non-OMS Data Transfer'!V33 -> TRUE | Q43: Auto Calculated
N44: STD-010121 (-3)_2: A Change Request documenting each Non-OMS Data Transfer identified in the [[Non-OMS Data Transfer]] tab and adding the required changes to the “Data Transfer Formats, APIs, and Protocols” table where the Max Assessed Tier value in column F is 3 has been submitted to and approved by the OACWG for the Change Request. | O44: Isolator Checklist | P44: ='Non-OMS Data Transfer'!V34 -> N/A | Q44: ='Non-OMS Data Transfer'!W34 -> Invalid or No Non-OMS Combination for Data Type and Formats
N45: STD-010121 (-3)_3: The Change Request ID of the Change Request has been documented in the [[Non-OMS Data Transfer]] tab. | O45: Isolator Checklist | P45: ='Non-OMS Data Transfer'!V36 -> N/A | Q45: ='Non-OMS Data Transfer'!W36 -> Invalid or No Non-OMS Combination for Data Type and Formats
A46: STD-006941 Tier 1, 2, 3 | B46: RQMT STD-006941 [For each data type identified in column A of the “Data Transfer Formats, APIs, and Protocols” table, an OMS Isolator shall select from the corresponding protocols/APIs in column E of the “Data Transfer Formats, APIs, and Protocols” table for shared read/modify data transfers that cross the OMS-facing Isolator boundary.] | C46: =AND((OR(IF(F46=TRUE,TRUE,FALSE),IF(F46="N/A",TRUE,FALSE))),H46=TRUE) -> TRUE | F46: N/A | G46: (-1) | H46: =AND(M46) -> TRUE | I46: STD-006941 (-1): This requirement is verified by inspection of the Service Contract for the Isolator for each data transfer that crosses the OMS-facing Isolator boundary; the data type per column A and the protocol/API for per column E is identified for each data transfer and compared to the permitted combinations listed in the “Data Transfer Formats, APIs, and Protocols” table; the inspection results are recorded in the appropriate tabs of the Isolator Checklist, OMSC-CHK-006. | J46: 1, 2, 3 | K46: Data transfers that use one of the permitted combinations per the “Data Transfer Formats, APIs, and Protocols” table are recorded in the [[OMS Data Transfer]] tab; data transfers not using one of the permitted combinations are recorded in the [[Non-OMS Data Transfer]] tab of the Isolator Checklist. If the protocols, APIs, and/or formats listed in the “Data Transfer Formats, APIs, and Protocols” table are not sufficient, an explanation as to why that is so should be captured in the “Data Transfer” section of the Service Contract. Details of any non-proprietary protocol, data format, or API that is not represented in the “Data Transfer Formats, APIs, and Protocols” table should be fully documented (or provide corresponding reference(s)) in the “Data Transfer” section of the Service Contract. The following restrictions apply for all OMS Data Transfer combinations: 1) does not overlap with OMS Messages, 2) does not overlap with any other OMS Data Exchanges, and 3) does not transfer external standards second hand. Non-OMS Data Transfers are typically restricted to OMS compliance Tier 1. However, when an OACWG-approved Change Request is identified, then the Non-OMS Data Transfer will be assessed at the maximum allowed Tier specified by the OACWG. | L46: (-1)_1 (-1)_2 (-1)_3 (-1)_4 | M46: =AND(OR(IF(P46=TRUE,TRUE,FALSE),(IF(P46="N/A",NOT(ISBLANK(Q46))))),(OR(IF(P47=TRUE,TRUE,FALSE),(IF(P47="N/A",NOT(ISBLANK(Q47)))))),(OR(IF(P48=TRUE,TRUE,FALSE),(IF(P48="N/A",NOT(ISBLANK(Q48)))))),(OR(IF(P49=TRUE,TRUE,FALSE),(IF(P49="N/A",NOT(ISBLANK(Q49))))))) -> TRUE | N46: STD-006941 (-1)_1: If, for each data transfer crossing the OMS-facing Isolator boundary, the [[OMS Data Transfer]] tab of the Isolator Checklist shows that the protocol/API in column E corresponds to the data type per column A as listed in the “Data Transfer Formats, APIs, and Protocols” table, including conforming to specified restrictions, then this VR is satisfied. | O46: Isolator Checklist | P46: ='OMS Data Transfer'!T36 -> N/A | Q46: ='OMS Data Transfer'!U36 -> No OMS Data Transfer
N47: STD-006941 (-1)_2: Each data transfer using a data type/protocol or API combination that is not listed in the “Data Transfer Formats, APIs, and Protocols” table, but is covered by the “Non-OMS Data Transfers” table, is identified in the [[Non-OMS Data Transfer]] tab. | O47: Isolator Checklist | P47: ='Non-OMS Data Transfer'!V28 -> N/A | Q47: ='Non-OMS Data Transfer'!W28 -> Invalid or No Non-OMS Combination for Data Type and Formats
N48: STD-006941 (-1)_3: A description of the data format is provided for each Non-OMS Data Transfer listed in the [[Non-OMS Data Transfer]] tab. | O48: Isolator Checklist | P48: ='Non-OMS Data Transfer'!V30 -> N/A | Q48: ='Non-OMS Data Transfer'!W30 -> Invalid or No Non-OMS Combination for Data Type and Formats
N49: STD-006941 (-1)_4: A rationale is provided for each Non-OMS Data Transfer listed in the [[Non-OMS Data Transfer]] tab explaining why the data transfer could not be implemented using a permitted combination per the “Data Transfer Formats, APIs, and Protocols” table. | O49: Isolator Checklist | P49: ='Non-OMS Data Transfer'!V31 -> N/A | Q49: ='Non-OMS Data Transfer'!W31 -> Invalid or No Non-OMS Combination for Data Type and Formats
A50: STD-006941 Tier 3 | B50: RQMT STD-006941 [For each data type identified in column A of the “Data Transfer Formats, APIs, and Protocols” table, an OMS Isolator shall select from the corresponding protocols/APIs in column E of the “Data Transfer Formats, APIs, and Protocols” table for shared read/modify data transfers that cross the OMS-facing Isolator boundary.] | C50: =AND((OR(IF(F50=TRUE,TRUE,FALSE),IF(F50="N/A",TRUE,FALSE))),H50=TRUE) -> TRUE | F50: N/A | G50: (-1) (-2) (-3) | H50: =AND(M46,M50,M51) -> TRUE | I50: STD-006941 (-2): This requirement is verified by inspection of the Service Contract documentation for each data transfer that crosses the OMS-facing Isolator boundary; the data type per column A and the protocol/API per column E are identified for each data transfer and compared to the permitted combinations listed in the “Data Transfer Formats, APIs, and Protocols” table where the Max Assessed Tier value in column F is 3; the inspection results are recorded in the appropriate tabs of the Isolator Checklist, OMSC-CHK-006. | J50: 3 | K50: Data transfers that use one of the permitted combinations for Max Assessed Tier of 3 per the “Data Transfer Formats, APIs, and Protocols” table are recorded in the [[OMS Data Transfer]] tab. | L50: (-2)_1 | M50: =AND(OR(IF(P50=TRUE,TRUE,FALSE),(IF(P50="N/A",NOT(ISBLANK(Q50)))))) -> TRUE | N50: STD-006941 (-2)_1: If, for each data transfer crossing the OMS-facing Isolator boundary, the [[OMS Data Transfer]] tab of the Isolator Checklist shows that the protocol/API per column E corresponds to the data type per column A as listed in the “Data Transfer Formats, APIs, and Protocols” table where the Max Assessed Tier value in column F is 3, then this VR is satisfied. | O50: Isolator Checklist | P50: ='OMS Data Transfer'!T32 -> TRUE | Q50: Auto Calculated
I51: STD-006941 (-3): This requirement is verified by inspection of the Change Request documentation which adds each data type and protocol/API combination listed in the [[Non-OMS Data Transfer]] tab of the Isolator Checklist, OMSC-CHK-006. | J51: 3 | K51: Submission of a Change Request is required to: 1. Add a format, protocol, or API, or 2. Use an existing OMS format, protocol, or API to transfer a type of data not covered by the “Data Transfer Formats, APIs, and Protocols” table. This Change Request will be considered part of compliance verification and validation. The following artifacts should be reviewed as part of the Change Request during the OACWG change process: 1. Full definition of any Data Transfer formats, protocols, and APIs proposed to be changed/added/deleted 2. Red-lined versions of all Standard documentation affected by the change 3. Test plan that shows testing or use of these Data Transfer formats and any progress should be included 4. Response to any issues where this material is presented. It is the expectation that the Isolator is using the Change Request update as approved by the OACWG. | L51: (-3)_1 (-3)_2 (-3)_3 | M51: =AND(OR(IF(P51=TRUE,TRUE,FALSE),(IF(P51="N/A",NOT(ISBLANK(Q51))))),(OR(IF(P52=TRUE,TRUE,FALSE),(IF(P52="N/A",NOT(ISBLANK(Q52)))))),(OR(IF(P53=TRUE,TRUE,FALSE),(IF(P53="N/A",NOT(ISBLANK(Q53))))))) -> TRUE | N51: STD-006941 (-3)_1: If there are no Non-OMS Data Transfers listed in the [[Non-OMS Data Transfer]] tab, then this VR is satisfied. | O51: Isolator Checklist | P51: ='Non-OMS Data Transfer'!V33 -> TRUE | Q51: Auto Calculated
N52: STD-006941 (-3)_2: A Change Request documenting each Non-OMS Data Transfer identified in the [[Non-OMS Data Transfer]] tab and adding the required changes to the “Data Transfer Formats, APIs, and Protocols” table where the Max Assessed Tier value in column F is 3 has been submitted to and approved by the OACWG for the Change Request. | O52: Change Request | P52: ='Non-OMS Data Transfer'!V34 -> N/A | Q52: ='Non-OMS Data Transfer'!W34 -> Invalid or No Non-OMS Combination for Data Type and Formats
N53: STD-006941 (-3)_3: The Change Request ID of the Change Request has been documented in the [[Non-OMS Data Transfer]] tab. | O53: Isolator Checklist | P53: ='Non-OMS Data Transfer'!V36 -> N/A | Q53: ='Non-OMS Data Transfer'!W36 -> Invalid or No Non-OMS Combination for Data Type and Formats
A54: STD-006942 Tier 1, 2, 3 | B54: RQMT STD-006942 [An OMS Isolator shall use the URI formats, as specified in the “OMS URI formats” table, for data transfers that cross the OMS-facing Isolator boundary.] | C54: =AND((OR(IF(F54=TRUE,TRUE,FALSE),IF(F54="N/A",TRUE,FALSE))),H54=TRUE) -> TRUE | F54: N/A | G54: (-1) (-2) | H54: =AND(M54,M58) -> TRUE | I54: STD-006942 (-1): This requirement is verified by inspection of the Service Contract for the Isolator for each data transfer that crosses the OMS-facing Isolator boundary; the URI format is identified for each data transfer and compared to the permitted formats listed in the “OMS URI Formats” table; the inspection results are recorded in the appropriate tabs of the Isolator Checklist, OMSC-CHK-006. | J54: 1, 2, 3 | K54: Data transfers that use one of the URI formats per the “OMS URI Formats” table are recorded in the [[OMS Data Transfer]] tab; data transfers not using one of the permitted URI formats are recorded in the [[Non-OMS Data Transfer]] tab of the Isolator Checklist. If the URI formats listed in the “OMS URI Formats” table are not sufficient, an explanation as to why that is so should be captured in the “Data Transfer” section of the Service Contract. Details of any non-proprietary URI format that is not represented in the “OMS URI Formats” table should be fully documented (or provide corresponding reference(s)) in the “Data Transfer” section of the Service Contract. | L54: (-1)_1 (-1)_2 (-1)_3 (-1)_4 | M54: =AND(OR(IF(P54=TRUE,TRUE,FALSE),(IF(P54="N/A",NOT(ISBLANK(Q54))))),(OR(IF(P55=TRUE,TRUE,FALSE),(IF(P55="N/A",NOT(ISBLANK(Q55)))))),(OR(IF(P56=TRUE,TRUE,FALSE),(IF(P56="N/A",NOT(ISBLANK(Q56)))))),(OR(IF(P57=TRUE,TRUE,FALSE),(IF(P57="N/A",NOT(ISBLANK(Q57))))))) -> TRUE | N54: STD-006942 (-1)_1: If, for each Data Transfer crossing the OMS-facing Isolator boundary, the [[OMS Data Transfer]] tab of the Isolator Checklist shows that the Isolator uses the URI formats specified in the “OMS URI Formats” table, then this VR is satisfied. | O54: Isolator Checklist | P54: ='OMS Data Transfer'!T37 -> N/A | Q54: ='OMS Data Transfer'!U37 -> No OMS Data Transfer
N55: STD-006942 (-1)_2: Each data transfer using a URI format that is not specified in the “OMS URI Formats” table is identified in the [[Non-OMS Data Transfer]] tab. | O55: Isolator Checklist | P55: ='Non-OMS Data Transfer'!V29 -> N/A | Q55: ='Non-OMS Data Transfer'!W29 -> Invalid or No Non-OMS Combination for Data Type and Formats
N56: STD-006942 (-1)_3: A description of the URI format is provided for each Non-OMS Data Transfer listed in the [[Non-OMS Data Transfer]] tab. | O56: Isolator Checklist | P56: ='Non-OMS Data Transfer'!V30 -> N/A | Q56: ='Non-OMS Data Transfer'!W30 -> Invalid or No Non-OMS Combination for Data Type and Formats
N57: STD-006942 (-1)_4: A rationale is provided for each Non-OMS Data Transfer listed in the [[Non-OMS Data Transfer]] tab explaining why the data transfer could not be implemented using a URI format specified in the “OMS URI Formats” table. | O57: Isolator Checklist | P57: ='Non-OMS Data Transfer'!V31 -> N/A | Q57: ='Non-OMS Data Transfer'!W31 -> Invalid or No Non-OMS Combination for Data Type and Formats
I58: STD-006942 (-2): This requirement is verified by inspection of the Change Request documentation which adds each URI format listed in the [[Non-OMS Data Transfer]] tab of the Isolator Checklist, OMSC-CHK-006. | J58: 1, 2, 3 | K58: Submission of a Change Request is required to add a URI format not listed in the “OMS URI Formats” table. This Change Request will be considered part of compliance verification and validation. The following artifacts should be reviewed as part of the Change Request during the OACWG change process: 1. Full definition of any URI formats proposed to be changed/added/deleted 2. Red-lined versions of all Standard documentation affected by the change 3. Test plan that shows testing or use of these Data Transfer formats and any progress should be included 4. Response to any issues where this material is presented. It is the expectation that the Isolator is using the Change Request update as approved by the OACWG. | L58: (-2)_1 (-2)_2 (-2)_3 | M58: =AND(OR(IF(P58=TRUE,TRUE,FALSE),(IF(P58="N/A",NOT(ISBLANK(Q58))))),(OR(IF(P59=TRUE,TRUE,FALSE),(IF(P59="N/A",NOT(ISBLANK(Q59)))))),(OR(IF(P60=TRUE,TRUE,FALSE),(IF(P60="N/A",NOT(ISBLANK(Q60))))))) -> TRUE | N58: STD-006942 (-2)_1: If there are no Non-OMS Data Transfers listed in the [[Non-OMS Data Transfer]] tab, then this VR is satisfied. | O58: Isolator Checklist | P58: ='Non-OMS Data Transfer'!V33 -> TRUE | Q58: Auto Calculated
N59: STD-006942 (-2)_2: A Change Request documenting each Non-OMS Data Transfer identified in the [[Non-OMS Data Transfer]] tab and the required changes to the “OMS URI Formats” table to add the URI formats to the OMS Standard has been submitted to and approved by the OACWG for the Change Request. | O59: Change Request | P59: ='Non-OMS Data Transfer'!V35 -> N/A | Q59: ='Non-OMS Data Transfer'!W35 -> Invalid or No Non-OMS Combination for Data Type and Formats
N60: STD-006942 (-2)_3: The Change Request ID of the Change Request has been documented in the [[Non-OMS Data Transfer]] tab. | O60: Isolator Checklist | P60: ='Non-OMS Data Transfer'!V36 -> N/A | Q60: ='Non-OMS Data Transfer'!W36 -> Invalid or No Non-OMS Combination for Data Type and Formats
A61: STD-008664 Tier 1, 2, 3 | B61: RQMT STD-008664 [An OMS Isolator shall report status in accordance with the “Required Functions” section of the OMS Service Contract Template.] | C61: =AND((OR(IF(F61=TRUE,TRUE,FALSE),IF(F61="N/A",TRUE,FALSE))),H61=TRUE) -> FALSE | F61: N/A | G61: (-1) (-2) | H61: =AND(M61,M62) -> FALSE | I61: STD-008664 (-1): This requirement is verified by inspection of the delivered Service Contract for the Isolator that shows the status reporting is documented in accordance with the “Required Functions” section of the Service Contract Template, OMSC-TMP-003. | J61: 1, 2, 3 | L61: (-1)_1 | M61: =AND(OR(IF(P61=TRUE,TRUE,FALSE),(IF(P61="N/A",NOT(ISBLANK(Q61)))))) -> FALSE | N61: STD-008664 (-1)_1: The Service Contract for the Isolator documents the status reporting behavior in accordance with the “Required Functions” section of the service Contract template. A comparison of the delivered Service Contract to the template shows no significant differences. | O61: Service Contract | P61: AC 1-1 Met?
I62: STD-008664 (-2): This requirement is verified by inspection of functional test results for the Isolator showing that the status messages are published in accordance with the required behavior as documented in the Service Contract. | J62: 1, 2, 3 | K62: This information is typically provided in the “Service Status” section of the Service Contract. | L62: (-2)_1 (-2)_2 | M62: =AND(OR(IF(P62=TRUE,TRUE,FALSE),(IF(P62="N/A",NOT(ISBLANK(Q62))))),(OR(IF(P63=TRUE,TRUE,FALSE),(IF(P63="N/A",NOT(ISBLANK(Q63))))))) -> FALSE | N62: STD-008664 (-2)_1: The functional test results for the Isolator show that that the ServiceStatus message is published by the Isolator. | O62: functional test results | P62: AC 2-1 Met?
N63: STD-008664 (-2)_2: The functional test results for the Isolator show that the Isolator sends the ServiceStatusDataRequestStatus message in response to the ServiceStatusDataRequest message. | O63: functional test results | P63: AC 2-2 Met?
A64: STD-008665 Tier 1, 2, 3 | B64: RQMT STD-008665 [An OMS Isolator shall implement configurable periodicity for reporting status.] | C64: =AND((OR(IF(F64=TRUE,TRUE,FALSE),IF(F64="N/A",TRUE,FALSE))),H64=TRUE) -> FALSE | F64: N/A | G64: (-1) (-2) (-3) | H64: =AND(M64,M65,M66) -> FALSE | I64: STD-008665 (-1): This requirement is verified by inspection of the Service Contract for the Isolator showing that the status reporting is configurable. | J64: 1, 2, 3 | K64: This information is typically provided in the “Required Functions” section of the Service Contract. | L64: (-1)_1 | M64: =AND(OR(IF(P64=TRUE,TRUE,FALSE),(IF(P64="N/A",NOT(ISBLANK(Q64)))))) -> FALSE | N64: STD-008665 (-1)_1: The Service Contract documents that the parameters for reporting status are configurable. | O64: Service Contract | P64: AC 1-1 Met?
I65: STD-008665 (-2): This requirement is verified by inspection of the Service Contract for the Isolator showing that the mechanism used to configure status reporting is documented. | J65: 1, 2, 3 | K65: This information is typically provided in the “Required Functions” section of the Service Contract. | L65: (-2)_1 | M65: =AND(OR(IF(P65=TRUE,TRUE,FALSE),(IF(P65="N/A",NOT(ISBLANK(Q65)))))) -> FALSE | N65: STD-008665 (-2)_1: The Service Contract documents the mechanism used to configure status reporting. | O65: Service Contract | P65: AC 2-1 Met?
I66: STD-008665 (-3): This requirement is verified by inspection of the functional test results for the Isolator that show the status reporting can be configured for the Isolator and that the Isolator reports status in accordance with the configuration setting. | J66: 1, 2, 3 | L66: (-3)_1 (-3)_2 | M66: =AND(OR(IF(P66=TRUE,TRUE,FALSE),(IF(P66="N/A",NOT(ISBLANK(Q66))))),(OR(IF(P67=TRUE,TRUE,FALSE),(IF(P67="N/A",NOT(ISBLANK(Q67))))))) -> FALSE | N66: STD-008665 (-3)_1: The functional test results for the Isolator show that the periodicity of status reporting can be configured. | O66: functional test results | P66: AC 3-1 Met?
N67: STD-008665 (-3)_2: The functional test results for the Isolator show that the Isolator reports status in accordance with the configuration setting. | O67: functional test results | P67: AC 3-2 Met?
A68: STD-008666 Tier 1, 2, 3 | B68: RQMT STD-008666 [An OMS Isolator shall implement a configurable range for periodic update rate from 1 to 600 seconds in 1 second increments.] | C68: =AND((OR(IF(F68=TRUE,TRUE,FALSE),IF(F68="N/A",TRUE,FALSE))),H68=TRUE) -> FALSE | F68: N/A | G68: (-1) | H68: =AND(M68) -> FALSE | I68: STD-008666 (-1): This requirement is verified by inspection of the Service Contract for the Isolator showing that the parameters for status reporting are configurable with an acceptable range of 1 to 600 seconds in 1 second increments. | J68: 1, 2, 3 | K68: This information is typically provided in the “Required Functions” section of the Service Contract. | L68: (-1)_1 | M68: =AND(OR(IF(P68=TRUE,TRUE,FALSE),(IF(P68="N/A",NOT(ISBLANK(Q68)))))) -> FALSE | N68: STD-008666 (-1)_1: The Service Contract documents that the configuration parameters for status reporting support the range of 1 to 600 seconds in 1 second increments. | O68: Service Contract | P68: AC 1-1 Met?
A69: STD-009707 Tier 1, 2, 3 | B69: RQMT STD-009707 [An OMS Isolator shall document its cybersecurity posture in accordance with the “Cybersecurity Posture” Section of the OMS Service Contract Template.] | C69: =AND((OR(IF(F69=TRUE,TRUE,FALSE),IF(F69="N/A",TRUE,FALSE))),H69=TRUE) -> FALSE | F69: N/A | G69: (-1) | H69: =AND(M69) -> FALSE | I69: STD-009707 (-1): This requirement is verified by inspection of the Service Contract “Cybersecurity Posture” Section showing that the Isolator cybersecurity posture is documented. | J69: 1, 2, 3 | K69: The cybersecurity posture as defined by the CSRC and described by the CSAs denotes what an OMS Architecture Element achieves as one element within a cyber-contested environment. The “Cybersecurity Posture” section describes the implementation of the cybersecurity posture by the Isolator and provides additional, unclassified, and/or non-proprietary details relating to the security of the OMS Isolator. The provided OMSC-GDE-003, Cybersecurity Guide, defines the concepts, guidance, and information that OMS Adopting Programs and system designers will utilize to document the cybersecurity posture. | L69: (-1)_1 (-1)_2 | M69: =IF(P69=TRUE,TRUE,(AND((OR(IF(P70=TRUE,TRUE,FALSE),(IF(P70="N/A",NOT(ISBLANK(Q70))))))))) -> FALSE | N69: STD-009707 (-1)_1: If there is no program-assigned Cybersecurity requirement, this VR is satisfied. | O69: Service Contract | P69: AC 1-1 Met?
N70: STD-009707 (-1)_2: The Isolator cybersecurity posture is documented in the Service Contract “Cybersecurity Posture” section. | O70: Service Contract | P70: AC 1-2 Met?

Sheet Service Contract
A2: Service Contract Compliant to OMSC-TMP-003, Revision M, dated 22 January 2026? | B2: =AND(TRUE,F5,F6,F7,F8,F9,F13,F14,F15,F67,F73,F210,F212,F214,F222,F224,F226,F228) -> FALSE
A4: Service Contract Template Item | B4: Compliance | C4: Per Template? | D4: N/A Rationale | E4: Compliance Met? | F4: Section Rollup | G4: Level | H4: Row
A5: <REQUIRED: Service Contract Title> | B5: Required | C5: <Select> | E5: =IF($B5="Required",OR($C5=TRUE,AND($C5="N/A",NOT(ISBLANK($D5)))),IF($B5="Optional",TRUE,IF($B5="Required if applicable",OR($C5=TRUE,AND($C5="N/A",NOT(ISBLANK($D5)))),OR($C5=TRUE,AND($C5="N/A",NOT(ISBLANK($D5))))))) -> FALSE | F5: =AND(E5) -> FALSE | G5: 1 | H5: 5
A6: <REQUIRED: Date as DD Month YYYY> | B6: Required | C6: <Select> | E6: =IF($B6="Required",OR($C6=TRUE,AND($C6="N/A",NOT(ISBLANK($D6)))),IF($B6="Optional",TRUE,IF($B6="Required if applicable",OR($C6=TRUE,AND($C6="N/A",NOT(ISBLANK($D6)))),OR($C6=TRUE,AND($C6="N/A",NOT(ISBLANK($D6))))))) -> FALSE | F6: =AND(E6) -> FALSE | G6: 1 | H6: 6
A7: <REQUIRED: Organization> | B7: Required | C7: <Select> | E7: =IF($B7="Required",OR($C7=TRUE,AND($C7="N/A",NOT(ISBLANK($D7)))),IF($B7="Optional",TRUE,IF($B7="Required if applicable",OR($C7=TRUE,AND($C7="N/A",NOT(ISBLANK($D7)))),OR($C7=TRUE,AND($C7="N/A",NOT(ISBLANK($D7))))))) -> FALSE | F7: =AND(E7) -> FALSE | G7: 1 | H7: 7
A8: Required statements (may be more restrictive): DISCLAIMER: The discussion of non-federal entities, methods, products, or services does not imply any endorsement by the United States Government, the Department of Defense, or the Department of the Air Force. Distribution Statement A. Approved for public release: distribution is unlimited. | B8: Required | C8: <Select> | E8: =IF($B8="Required",OR($C8=TRUE,AND($C8="N/A",NOT(ISBLANK($D8)))),IF($B8="Optional",TRUE,IF($B8="Required if applicable",OR($C8=TRUE,AND($C8="N/A",NOT(ISBLANK($D8)))),OR($C8=TRUE,AND($C8="N/A",NOT(ISBLANK($D8))))))) -> FALSE | F8: =AND(E8) -> FALSE | G8: 1 | H8: 8
A9: Abstract | B9: Required | C9: <Select> | E9: =IF($B9="Required",OR($C9=TRUE,AND($C9="N/A",NOT(ISBLANK($D9)))),IF($B9="Optional",TRUE,IF($B9="Required if applicable",OR($C9=TRUE,AND($C9="N/A",NOT(ISBLANK($D9)))),OR($C9=TRUE,AND($C9="N/A",NOT(ISBLANK($D9))))))) -> FALSE | F9: =AND(E9,F10,F11,F12) -> FALSE | G9: 1 | H9: 9
A10: Open Mission Systems (OMS) is a non-proprietary open architecture for integrating subsystems and services into mission packages. | B10: Required | C10: <Select> | E10: =IF($B10="Required",OR($C10=TRUE,AND($C10="N/A",NOT(ISBLANK($D10)))),IF($B10="Optional",TRUE,IF($B10="Required if applicable",OR($C10=TRUE,AND($C10="N/A",NOT(ISBLANK($D10)))),OR($C10=TRUE,AND($C10="N/A",NOT(ISBLANK($D10))))))) -> FALSE | F10: =AND(E10) -> FALSE | G10: 2 | H10: 10
A11: This Service Contract complies with the Service Contract Template, OMSC-TMP-003, Revision M, dated 22 January 2026. | B11: Required | C11: <Select> | E11: =IF($B11="Required",OR($C11=TRUE,AND($C11="N/A",NOT(ISBLANK($D11)))),IF($B11="Optional",TRUE,IF($B11="Required if applicable",OR($C11=TRUE,AND($C11="N/A",NOT(ISBLANK($D11)))),OR($C11=TRUE,AND($C11="N/A",NOT(ISBLANK($D11))))))) -> FALSE | F11: =AND(E11) -> FALSE | G11: 2 | H11: 11
A12: The template is prescribed by the OMS Standard Version 2.5, OMSC-STD-001, Revision M, dated 22 January 2026. | B12: Required | C12: <Select> | E12: =IF($B12="Required",OR($C12=TRUE,AND($C12="N/A",NOT(ISBLANK($D12)))),IF($B12="Optional",TRUE,IF($B12="Required if applicable",OR($C12=TRUE,AND($C12="N/A",NOT(ISBLANK($D12)))),OR($C12=TRUE,AND($C12="N/A",NOT(ISBLANK($D12))))))) -> FALSE | F12: =AND(E12) -> FALSE | G12: 2 | H12: 12
A13: Revision Record | B13: Required | C13: <Select> | E13: =IF($B13="Required",OR($C13=TRUE,AND($C13="N/A",NOT(ISBLANK($D13)))),IF($B13="Optional",TRUE,IF($B13="Required if applicable",OR($C13=TRUE,AND($C13="N/A",NOT(ISBLANK($D13)))),OR($C13=TRUE,AND($C13="N/A",NOT(ISBLANK($D13))))))) -> FALSE | F13: =AND(E13) -> FALSE | G13: 1 | H13: 13
A14: Proprietary Notice: This document contains only non-proprietary information. Referenced documents conform to the Proprietary Notice statement for each major sub section. | B14: Required | C14: <Select> | E14: =IF($B14="Required",OR($C14=TRUE,AND($C14="N/A",NOT(ISBLANK($D14)))),IF($B14="Optional",TRUE,IF($B14="Required if applicable",OR($C14=TRUE,AND($C14="N/A",NOT(ISBLANK($D14)))),OR($C14=TRUE,AND($C14="N/A",NOT(ISBLANK($D14))))))) -> FALSE | F14: =AND(E14) -> FALSE | G14: 1 | H14: 14
A15: 1 Overview | B15: Required | C15: <Select> | E15: =IF($B15="Required",OR($C15=TRUE,AND($C15="N/A",NOT(ISBLANK($D15)))),IF($B15="Optional",TRUE,IF($B15="Required if applicable",OR($C15=TRUE,AND($C15="N/A",NOT(ISBLANK($D15)))),OR($C15=TRUE,AND($C15="N/A",NOT(ISBLANK($D15))))))) -> FALSE | F15: =AND(E15,F16,F17,F20,F27,F28,F29,F35,F50,F52,F54,F60,F64) -> FALSE | G15: 1 | H15: 15
A16: Proprietary Notice: References to external documents that provide for the data in this section refer only to non-proprietary documents, except where otherwise noted in specific sub-sections that may refer to proprietary documents. | B16: Required | C16: <Select> | E16: =IF($B16="Required",OR($C16=TRUE,AND($C16="N/A",NOT(ISBLANK($D16)))),IF($B16="Optional",TRUE,IF($B16="Required if applicable",OR($C16=TRUE,AND($C16="N/A",NOT(ISBLANK($D16)))),OR($C16=TRUE,AND($C16="N/A",NOT(ISBLANK($D16))))))) -> FALSE | F16: =AND(E16) -> FALSE | G16: 2 | H16: 16
A17: 1.1 References | B17: Required | C17: <Select> | E17: =IF($B17="Required",OR($C17=TRUE,AND($C17="N/A",NOT(ISBLANK($D17)))),IF($B17="Optional",TRUE,IF($B17="Required if applicable",OR($C17=TRUE,AND($C17="N/A",NOT(ISBLANK($D17)))),OR($C17=TRUE,AND($C17="N/A",NOT(ISBLANK($D17))))))) -> FALSE | F17: =AND(E17,F18,F19) -> FALSE | G17: 2 | H17: 17
A18: Proprietary Notice: References to external documents that provide for the data in this section may refer to proprietary documents. | B18: Required | C18: <Select> | E18: =IF($B18="Required",OR($C18=TRUE,AND($C18="N/A",NOT(ISBLANK($D18)))),IF($B18="Optional",TRUE,IF($B18="Required if applicable",OR($C18=TRUE,AND($C18="N/A",NOT(ISBLANK($D18)))),OR($C18=TRUE,AND($C18="N/A",NOT(ISBLANK($D18))))))) -> FALSE | F18: =AND(E18) -> FALSE | G18: 3 | H18: 18
A19: Table 1.1-1 Reference Documents | B19: Required | C19: <Select> | E19: =IF($B19="Required",OR($C19=TRUE,AND($C19="N/A",NOT(ISBLANK($D19)))),IF($B19="Optional",TRUE,IF($B19="Required if applicable",OR($C19=TRUE,AND($C19="N/A",NOT(ISBLANK($D19)))),OR($C19=TRUE,AND($C19="N/A",NOT(ISBLANK($D19))))))) -> FALSE | F19: =AND(E19) -> FALSE | G19: 3 | H19: 19
A20: 1.2 OMS Environment Specifications | B20: Required | C20: <Select> | E20: =IF($B20="Required",OR($C20=TRUE,AND($C20="N/A",NOT(ISBLANK($D20)))),IF($B20="Optional",TRUE,IF($B20="Required if applicable",OR($C20=TRUE,AND($C20="N/A",NOT(ISBLANK($D20)))),OR($C20=TRUE,AND($C20="N/A",NOT(ISBLANK($D20))))))) -> FALSE | F20: =AND(E20,F21,F22,F23,F25) -> FALSE | G20: 2 | H20: 20
A21: Table 1.2-1 Environment Specifications | B21: Required | C21: <Select> | E21: =IF($B21="Required",OR($C21=TRUE,AND($C21="N/A",NOT(ISBLANK($D21)))),IF($B21="Optional",TRUE,IF($B21="Required if applicable",OR($C21=TRUE,AND($C21="N/A",NOT(ISBLANK($D21)))),OR($C21=TRUE,AND($C21="N/A",NOT(ISBLANK($D21))))))) -> FALSE | F21: =AND(E21) -> FALSE | G21: 3 | H21: 21
A22: Table 1.2-2 OMS Message Set | B22: Required | C22: <Select> | E22: =IF($B22="Required",OR($C22=TRUE,AND($C22="N/A",NOT(ISBLANK($D22)))),IF($B22="Optional",TRUE,IF($B22="Required if applicable",OR($C22=TRUE,AND($C22="N/A",NOT(ISBLANK($D22)))),OR($C22=TRUE,AND($C22="N/A",NOT(ISBLANK($D22))))))) -> FALSE | F22: =AND(E22) -> FALSE | G22: 3 | H22: 22
A23: 1.2.1 Externalizer Specifications | B23: Required | C23: <Select> | E23: =IF($B23="Required",OR($C23=TRUE,AND($C23="N/A",NOT(ISBLANK($D23)))),IF($B23="Optional",TRUE,IF($B23="Required if applicable",OR($C23=TRUE,AND($C23="N/A",NOT(ISBLANK($D23)))),OR($C23=TRUE,AND($C23="N/A",NOT(ISBLANK($D23))))))) -> FALSE | F23: =AND(E23,F24) -> FALSE | G23: 3 | H23: 23
A24: Table 1.2-3 Externalizer Version Information | B24: Required | C24: <Select> | E24: =IF($B24="Required",OR($C24=TRUE,AND($C24="N/A",NOT(ISBLANK($D24)))),IF($B24="Optional",TRUE,IF($B24="Required if applicable",OR($C24=TRUE,AND($C24="N/A",NOT(ISBLANK($D24)))),OR($C24=TRUE,AND($C24="N/A",NOT(ISBLANK($D24))))))) -> FALSE | F24: =AND(E24) -> FALSE | G24: 4 | H24: 24
A25: 1.2.2 CAL Operational Attributes | B25: Required | C25: <Select> | E25: =IF($B25="Required",OR($C25=TRUE,AND($C25="N/A",NOT(ISBLANK($D25)))),IF($B25="Optional",TRUE,IF($B25="Required if applicable",OR($C25=TRUE,AND($C25="N/A",NOT(ISBLANK($D25)))),OR($C25=TRUE,AND($C25="N/A",NOT(ISBLANK($D25))))))) -> FALSE | F25: =AND(E25,F26) -> FALSE | G25: 3 | H25: 25
A26: Table 1.2-4 SOAC-1 | B26: Required | C26: <Select> | E26: =IF($B26="Required",OR($C26=TRUE,AND($C26="N/A",NOT(ISBLANK($D26)))),IF($B26="Optional",TRUE,IF($B26="Required if applicable",OR($C26=TRUE,AND($C26="N/A",NOT(ISBLANK($D26)))),OR($C26=TRUE,AND($C26="N/A",NOT(ISBLANK($D26))))))) -> FALSE | F26: =AND(E26) -> FALSE | G26: 4 | H26: 26
A27: 1.3 Classification | B27: Required | C27: <Select> | E27: =IF($B27="Required",OR($C27=TRUE,AND($C27="N/A",NOT(ISBLANK($D27)))),IF($B27="Optional",TRUE,IF($B27="Required if applicable",OR($C27=TRUE,AND($C27="N/A",NOT(ISBLANK($D27)))),OR($C27=TRUE,AND($C27="N/A",NOT(ISBLANK($D27))))))) -> FALSE | F27: =AND(E27) -> FALSE | G27: 2 | H27: 27
A28: 1.4 Known Limitations | B28: Required | C28: <Select> | E28: =IF($B28="Required",OR($C28=TRUE,AND($C28="N/A",NOT(ISBLANK($D28)))),IF($B28="Optional",TRUE,IF($B28="Required if applicable",OR($C28=TRUE,AND($C28="N/A",NOT(ISBLANK($D28)))),OR($C28=TRUE,AND($C28="N/A",NOT(ISBLANK($D28))))))) -> FALSE | F28: =AND(E28) -> FALSE | G28: 2 | H28: 28
A29: 1.5 System Requirements | B29: Required | C29: <Select> | E29: =IF($B29="Required",OR($C29=TRUE,AND($C29="N/A",NOT(ISBLANK($D29)))),IF($B29="Optional",TRUE,IF($B29="Required if applicable",OR($C29=TRUE,AND($C29="N/A",NOT(ISBLANK($D29)))),OR($C29=TRUE,AND($C29="N/A",NOT(ISBLANK($D29))))))) -> FALSE | F29: =AND(E29,F30,F31,F33) -> FALSE | G29: 2 | H29: 29
A30: Proprietary Notice: References to external documents that provide for the data in this section may refer to proprietary documents. | B30: Required | C30: <Select> | E30: =IF($B30="Required",OR($C30=TRUE,AND($C30="N/A",NOT(ISBLANK($D30)))),IF($B30="Optional",TRUE,IF($B30="Required if applicable",OR($C30=TRUE,AND($C30="N/A",NOT(ISBLANK($D30)))),OR($C30=TRUE,AND($C30="N/A",NOT(ISBLANK($D30))))))) -> FALSE | F30: =AND(E30) -> FALSE | G30: 3 | H30: 30
A31: 1.5.1 Hardware Requirements | B31: Required | C31: <Select> | E31: =IF($B31="Required",OR($C31=TRUE,AND($C31="N/A",NOT(ISBLANK($D31)))),IF($B31="Optional",TRUE,IF($B31="Required if applicable",OR($C31=TRUE,AND($C31="N/A",NOT(ISBLANK($D31)))),OR($C31=TRUE,AND($C31="N/A",NOT(ISBLANK($D31))))))) -> FALSE | F31: =AND(E31,F32) -> FALSE | G31: 3 | H31: 31
A32: Table 1.5-1 Hardware Requirements | B32: Required | C32: <Select> | E32: =IF($B32="Required",OR($C32=TRUE,AND($C32="N/A",NOT(ISBLANK($D32)))),IF($B32="Optional",TRUE,IF($B32="Required if applicable",OR($C32=TRUE,AND($C32="N/A",NOT(ISBLANK($D32)))),OR($C32=TRUE,AND($C32="N/A",NOT(ISBLANK($D32))))))) -> FALSE | F32: =AND(E32) -> FALSE | G32: 4 | H32: 32
A33: 1.5.2 Operating Systems | B33: Required | C33: <Select> | E33: =IF($B33="Required",OR($C33=TRUE,AND($C33="N/A",NOT(ISBLANK($D33)))),IF($B33="Optional",TRUE,IF($B33="Required if applicable",OR($C33=TRUE,AND($C33="N/A",NOT(ISBLANK($D33)))),OR($C33=TRUE,AND($C33="N/A",NOT(ISBLANK($D33))))))) -> FALSE | F33: =AND(E33,F34) -> FALSE | G33: 3 | H33: 33
A34: Table 1.5-2 Compatible Operating Systems | B34: Required | C34: <Select> | E34: =IF($B34="Required",OR($C34=TRUE,AND($C34="N/A",NOT(ISBLANK($D34)))),IF($B34="Optional",TRUE,IF($B34="Required if applicable",OR($C34=TRUE,AND($C34="N/A",NOT(ISBLANK($D34)))),OR($C34=TRUE,AND($C34="N/A",NOT(ISBLANK($D34))))))) -> FALSE | F34: =AND(E34) -> FALSE | G34: 4 | H34: 34
A35: 1.6 Data Transfer | B35: Required | C35: <Select> | E35: =IF($B35="Required",OR($C35=TRUE,AND($C35="N/A",NOT(ISBLANK($D35)))),IF($B35="Optional",TRUE,IF($B35="Required if applicable",OR($C35=TRUE,AND($C35="N/A",NOT(ISBLANK($D35)))),OR($C35=TRUE,AND($C35="N/A",NOT(ISBLANK($D35))))))) -> FALSE | F35: =AND(E35,F36,F38,F40,F42,F44,F46,F48,F49) -> FALSE | G35: 2 | H35: 35
A36: 1.6.1 Data Items for OMS Data Transfer | B36: Required | C36: <Select> | E36: =IF($B36="Required",OR($C36=TRUE,AND($C36="N/A",NOT(ISBLANK($D36)))),IF($B36="Optional",TRUE,IF($B36="Required if applicable",OR($C36=TRUE,AND($C36="N/A",NOT(ISBLANK($D36)))),OR($C36=TRUE,AND($C36="N/A",NOT(ISBLANK($D36))))))) -> FALSE | F36: =AND(E36,F37) -> FALSE | G36: 3 | H36: 36
A37: Table 1.6-1 Data Items for OMS Data Transfer | B37: Required | C37: <Select> | E37: =IF($B37="Required",OR($C37=TRUE,AND($C37="N/A",NOT(ISBLANK($D37)))),IF($B37="Optional",TRUE,IF($B37="Required if applicable",OR($C37=TRUE,AND($C37="N/A",NOT(ISBLANK($D37)))),OR($C37=TRUE,AND($C37="N/A",NOT(ISBLANK($D37))))))) -> FALSE | F37: =AND(E37) -> FALSE | G37: 4 | H37: 37
A38: 1.6.2 Data Items for Non-OMS Data Transfer | B38: Required | C38: <Select> | E38: =IF($B38="Required",OR($C38=TRUE,AND($C38="N/A",NOT(ISBLANK($D38)))),IF($B38="Optional",TRUE,IF($B38="Required if applicable",OR($C38=TRUE,AND($C38="N/A",NOT(ISBLANK($D38)))),OR($C38=TRUE,AND($C38="N/A",NOT(ISBLANK($D38))))))) -> FALSE | F38: =AND(E38,F39) -> FALSE | G38: 3 | H38: 38
A39: Table 1.6-2 Data Items for Non-OMS Data Transfer | B39: Required | C39: <Select> | E39: =IF($B39="Required",OR($C39=TRUE,AND($C39="N/A",NOT(ISBLANK($D39)))),IF($B39="Optional",TRUE,IF($B39="Required if applicable",OR($C39=TRUE,AND($C39="N/A",NOT(ISBLANK($D39)))),OR($C39=TRUE,AND($C39="N/A",NOT(ISBLANK($D39))))))) -> FALSE | F39: =AND(E39) -> FALSE | G39: 4 | H39: 39
A40: 1.6.3 Data Transfer Configuration | B40: Required | C40: <Select> | E40: =IF($B40="Required",OR($C40=TRUE,AND($C40="N/A",NOT(ISBLANK($D40)))),IF($B40="Optional",TRUE,IF($B40="Required if applicable",OR($C40=TRUE,AND($C40="N/A",NOT(ISBLANK($D40)))),OR($C40=TRUE,AND($C40="N/A",NOT(ISBLANK($D40))))))) -> FALSE | F40: =AND(E40,F41) -> FALSE | G40: 3 | H40: 40
A41: Table 1.6-3 Data Transfer Configuration | B41: Required | C41: <Select> | E41: =IF($B41="Required",OR($C41=TRUE,AND($C41="N/A",NOT(ISBLANK($D41)))),IF($B41="Optional",TRUE,IF($B41="Required if applicable",OR($C41=TRUE,AND($C41="N/A",NOT(ISBLANK($D41)))),OR($C41=TRUE,AND($C41="N/A",NOT(ISBLANK($D41))))))) -> FALSE | F41: =AND(E41) -> FALSE | G41: 4 | H41: 41
A42: 1.6.4 Data Transfer Ports and Protocols | B42: Required | C42: <Select> | E42: =IF($B42="Required",OR($C42=TRUE,AND($C42="N/A",NOT(ISBLANK($D42)))),IF($B42="Optional",TRUE,IF($B42="Required if applicable",OR($C42=TRUE,AND($C42="N/A",NOT(ISBLANK($D42)))),OR($C42=TRUE,AND($C42="N/A",NOT(ISBLANK($D42))))))) -> FALSE | F42: =AND(E42,F43) -> FALSE | G42: 3 | H42: 42
A43: Table 1.6-4 Open Ports and Protocols | B43: Required | C43: <Select> | E43: =IF($B43="Required",OR($C43=TRUE,AND($C43="N/A",NOT(ISBLANK($D43)))),IF($B43="Optional",TRUE,IF($B43="Required if applicable",OR($C43=TRUE,AND($C43="N/A",NOT(ISBLANK($D43)))),OR($C43=TRUE,AND($C43="N/A",NOT(ISBLANK($D43))))))) -> FALSE | F43: =AND(E43) -> FALSE | G43: 4 | H43: 43
A44: 1.6.5 Data Transfer Confidentiality Mechanisms | B44: Required | C44: <Select> | E44: =IF($B44="Required",OR($C44=TRUE,AND($C44="N/A",NOT(ISBLANK($D44)))),IF($B44="Optional",TRUE,IF($B44="Required if applicable",OR($C44=TRUE,AND($C44="N/A",NOT(ISBLANK($D44)))),OR($C44=TRUE,AND($C44="N/A",NOT(ISBLANK($D44))))))) -> FALSE | F44: =AND(E44,F45) -> FALSE | G44: 3 | H44: 44
A45: Table 1.6-5 Data Transfer Confidentiality | B45: Required | C45: <Select> | E45: =IF($B45="Required",OR($C45=TRUE,AND($C45="N/A",NOT(ISBLANK($D45)))),IF($B45="Optional",TRUE,IF($B45="Required if applicable",OR($C45=TRUE,AND($C45="N/A",NOT(ISBLANK($D45)))),OR($C45=TRUE,AND($C45="N/A",NOT(ISBLANK($D45))))))) -> FALSE | F45: =AND(E45) -> FALSE | G45: 4 | H45: 45
A46: 1.6.6 Data Transfer Integrity Mechanisms | B46: Required | C46: <Select> | E46: =IF($B46="Required",OR($C46=TRUE,AND($C46="N/A",NOT(ISBLANK($D46)))),IF($B46="Optional",TRUE,IF($B46="Required if applicable",OR($C46=TRUE,AND($C46="N/A",NOT(ISBLANK($D46)))),OR($C46=TRUE,AND($C46="N/A",NOT(ISBLANK($D46))))))) -> FALSE | F46: =AND(E46,F47) -> FALSE | G46: 3 | H46: 46
A47: Table 1.6-6 Data Transfer Integrity | B47: Required | C47: <Select> | E47: =IF($B47="Required",OR($C47=TRUE,AND($C47="N/A",NOT(ISBLANK($D47)))),IF($B47="Optional",TRUE,IF($B47="Required if applicable",OR($C47=TRUE,AND($C47="N/A",NOT(ISBLANK($D47)))),OR($C47=TRUE,AND($C47="N/A",NOT(ISBLANK($D47))))))) -> FALSE | F47: =AND(E47) -> FALSE | G47: 4 | H47: 47
A48: 1.6.7 Data Transfer Boundary Protection Mechanisms | B48: Required | C48: <Select> | E48: =IF($B48="Required",OR($C48=TRUE,AND($C48="N/A",NOT(ISBLANK($D48)))),IF($B48="Optional",TRUE,IF($B48="Required if applicable",OR($C48=TRUE,AND($C48="N/A",NOT(ISBLANK($D48)))),OR($C48=TRUE,AND($C48="N/A",NOT(ISBLANK($D48))))))) -> FALSE | F48: =AND(E48) -> FALSE | G48: 3 | H48: 48
A49: 1.6.8 Data Transfer Failure Behaviors | B49: Required | C49: <Select> | E49: =IF($B49="Required",OR($C49=TRUE,AND($C49="N/A",NOT(ISBLANK($D49)))),IF($B49="Optional",TRUE,IF($B49="Required if applicable",OR($C49=TRUE,AND($C49="N/A",NOT(ISBLANK($D49)))),OR($C49=TRUE,AND($C49="N/A",NOT(ISBLANK($D49))))))) -> FALSE | F49: =AND(E49) -> FALSE | G49: 3 | H49: 49
A50: 1.7 Data Storage | B50: Required | C50: <Select> | E50: =IF($B50="Required",OR($C50=TRUE,AND($C50="N/A",NOT(ISBLANK($D50)))),IF($B50="Optional",TRUE,IF($B50="Required if applicable",OR($C50=TRUE,AND($C50="N/A",NOT(ISBLANK($D50)))),OR($C50=TRUE,AND($C50="N/A",NOT(ISBLANK($D50))))))) -> FALSE | F50: =AND(E50,F51) -> FALSE | G50: 2 | H50: 50
A51: Proprietary Notice: References to external documents that provide for the data in this section may refer to proprietary documents. | B51: Required | C51: <Select> | E51: =IF($B51="Required",OR($C51=TRUE,AND($C51="N/A",NOT(ISBLANK($D51)))),IF($B51="Optional",TRUE,IF($B51="Required if applicable",OR($C51=TRUE,AND($C51="N/A",NOT(ISBLANK($D51)))),OR($C51=TRUE,AND($C51="N/A",NOT(ISBLANK($D51))))))) -> FALSE | F51: =AND(E51) -> FALSE | G51: 3 | H51: 51
A52: 1.8 External Data Dependencies | B52: Required | C52: <Select> | E52: =IF($B52="Required",OR($C52=TRUE,AND($C52="N/A",NOT(ISBLANK($D52)))),IF($B52="Optional",TRUE,IF($B52="Required if applicable",OR($C52=TRUE,AND($C52="N/A",NOT(ISBLANK($D52)))),OR($C52=TRUE,AND($C52="N/A",NOT(ISBLANK($D52))))))) -> FALSE | F52: =AND(E52,F53) -> FALSE | G52: 2 | H52: 52
A53: 1.8.1 Configuration | B53: Required | C53: <Select> | E53: =IF($B53="Required",OR($C53=TRUE,AND($C53="N/A",NOT(ISBLANK($D53)))),IF($B53="Optional",TRUE,IF($B53="Required if applicable",OR($C53=TRUE,AND($C53="N/A",NOT(ISBLANK($D53)))),OR($C53=TRUE,AND($C53="N/A",NOT(ISBLANK($D53))))))) -> FALSE | F53: =AND(E53) -> FALSE | G53: 3 | H53: 53
A54: 1.9 Additional Prerequisites | B54: Required | C54: <Select> | E54: =IF($B54="Required",OR($C54=TRUE,AND($C54="N/A",NOT(ISBLANK($D54)))),IF($B54="Optional",TRUE,IF($B54="Required if applicable",OR($C54=TRUE,AND($C54="N/A",NOT(ISBLANK($D54)))),OR($C54=TRUE,AND($C54="N/A",NOT(ISBLANK($D54))))))) -> FALSE | F54: =AND(E54,F55,F58) -> FALSE | G54: 2 | H54: 54
A55: 1.9.1 Dependencies | B55: Required | C55: <Select> | E55: =IF($B55="Required",OR($C55=TRUE,AND($C55="N/A",NOT(ISBLANK($D55)))),IF($B55="Optional",TRUE,IF($B55="Required if applicable",OR($C55=TRUE,AND($C55="N/A",NOT(ISBLANK($D55)))),OR($C55=TRUE,AND($C55="N/A",NOT(ISBLANK($D55))))))) -> FALSE | F55: =AND(E55,F56,F57) -> FALSE | G55: 3 | H55: 55
A56: Proprietary Notice: References to external documents that provide for the data in this section may refer to proprietary documents. | B56: Required | C56: <Select> | E56: =IF($B56="Required",OR($C56=TRUE,AND($C56="N/A",NOT(ISBLANK($D56)))),IF($B56="Optional",TRUE,IF($B56="Required if applicable",OR($C56=TRUE,AND($C56="N/A",NOT(ISBLANK($D56)))),OR($C56=TRUE,AND($C56="N/A",NOT(ISBLANK($D56))))))) -> FALSE | F56: =AND(E56) -> FALSE | G56: 4 | H56: 56
A57: Table 1.9-1 Dependencies | B57: Required | C57: <Select> | E57: =IF($B57="Required",OR($C57=TRUE,AND($C57="N/A",NOT(ISBLANK($D57)))),IF($B57="Optional",TRUE,IF($B57="Required if applicable",OR($C57=TRUE,AND($C57="N/A",NOT(ISBLANK($D57)))),OR($C57=TRUE,AND($C57="N/A",NOT(ISBLANK($D57))))))) -> FALSE | F57: =AND(E57) -> FALSE | G57: 4 | H57: 57
A58: 1.9.2 Licenses | B58: Required | C58: <Select> | E58: =IF($B58="Required",OR($C58=TRUE,AND($C58="N/A",NOT(ISBLANK($D58)))),IF($B58="Optional",TRUE,IF($B58="Required if applicable",OR($C58=TRUE,AND($C58="N/A",NOT(ISBLANK($D58)))),OR($C58=TRUE,AND($C58="N/A",NOT(ISBLANK($D58))))))) -> FALSE | F58: =AND(E58,F59) -> FALSE | G58: 3 | H58: 58
A59: Table 1.9-2 Licenses | B59: Required | C59: <Select> | E59: =IF($B59="Required",OR($C59=TRUE,AND($C59="N/A",NOT(ISBLANK($D59)))),IF($B59="Optional",TRUE,IF($B59="Required if applicable",OR($C59=TRUE,AND($C59="N/A",NOT(ISBLANK($D59)))),OR($C59=TRUE,AND($C59="N/A",NOT(ISBLANK($D59))))))) -> FALSE | F59: =AND(E59) -> FALSE | G59: 4 | H59: 59
A60: 1.10 Service Level Agreements | B60: Required | C60: <Select> | E60: =IF($B60="Required",OR($C60=TRUE,AND($C60="N/A",NOT(ISBLANK($D60)))),IF($B60="Optional",TRUE,IF($B60="Required if applicable",OR($C60=TRUE,AND($C60="N/A",NOT(ISBLANK($D60)))),OR($C60=TRUE,AND($C60="N/A",NOT(ISBLANK($D60))))))) -> FALSE | F60: =AND(E60,F61,F62,F63) -> FALSE | G60: 2 | H60: 60
A61: 1.10.1 Capacity/Performance | B61: Required | C61: <Select> | E61: =IF($B61="Required",OR($C61=TRUE,AND($C61="N/A",NOT(ISBLANK($D61)))),IF($B61="Optional",TRUE,IF($B61="Required if applicable",OR($C61=TRUE,AND($C61="N/A",NOT(ISBLANK($D61)))),OR($C61=TRUE,AND($C61="N/A",NOT(ISBLANK($D61))))))) -> FALSE | F61: =AND(E61) -> FALSE | G61: 3 | H61: 61
A62: 1.10.2 Handling Time Characteristics | B62: Required | C62: <Select> | E62: =IF($B62="Required",OR($C62=TRUE,AND($C62="N/A",NOT(ISBLANK($D62)))),IF($B62="Optional",TRUE,IF($B62="Required if applicable",OR($C62=TRUE,AND($C62="N/A",NOT(ISBLANK($D62)))),OR($C62=TRUE,AND($C62="N/A",NOT(ISBLANK($D62))))))) -> FALSE | F62: =AND(E62) -> FALSE | G62: 3 | H62: 62
A63: 1.10.3 Availability Category | B63: Required | C63: <Select> | E63: =IF($B63="Required",OR($C63=TRUE,AND($C63="N/A",NOT(ISBLANK($D63)))),IF($B63="Optional",TRUE,IF($B63="Required if applicable",OR($C63=TRUE,AND($C63="N/A",NOT(ISBLANK($D63)))),OR($C63=TRUE,AND($C63="N/A",NOT(ISBLANK($D63))))))) -> FALSE | F63: =AND(E63) -> FALSE | G63: 3 | H63: 63
A64: 1.11 Special Signals | B64: Required | C64: <Select> | E64: =IF($B64="Required",OR($C64=TRUE,AND($C64="N/A",NOT(ISBLANK($D64)))),IF($B64="Optional",TRUE,IF($B64="Required if applicable",OR($C64=TRUE,AND($C64="N/A",NOT(ISBLANK($D64)))),OR($C64=TRUE,AND($C64="N/A",NOT(ISBLANK($D64))))))) -> FALSE | F64: =AND(E64,F65,F66) -> FALSE | G64: 2 | H64: 64
A65: Table 1.11-1 OMS Special Signals | B65: Required | C65: <Select> | E65: =IF($B65="Required",OR($C65=TRUE,AND($C65="N/A",NOT(ISBLANK($D65)))),IF($B65="Optional",TRUE,IF($B65="Required if applicable",OR($C65=TRUE,AND($C65="N/A",NOT(ISBLANK($D65)))),OR($C65=TRUE,AND($C65="N/A",NOT(ISBLANK($D65))))))) -> FALSE | F65: =AND(E65) -> FALSE | G65: 3 | H65: 65
A66: Table 1.11-2 Non-OMS Special Signals | B66: Required | C66: <Select> | E66: =IF($B66="Required",OR($C66=TRUE,AND($C66="N/A",NOT(ISBLANK($D66)))),IF($B66="Optional",TRUE,IF($B66="Required if applicable",OR($C66=TRUE,AND($C66="N/A",NOT(ISBLANK($D66)))),OR($C66=TRUE,AND($C66="N/A",NOT(ISBLANK($D66))))))) -> FALSE | F66: =AND(E66) -> FALSE | G66: 3 | H66: 66
A67: 2 Lifecycle Management | B67: Required | C67: <Select> | E67: =IF($B67="Required",OR($C67=TRUE,AND($C67="N/A",NOT(ISBLANK($D67)))),IF($B67="Optional",TRUE,IF($B67="Required if applicable",OR($C67=TRUE,AND($C67="N/A",NOT(ISBLANK($D67)))),OR($C67=TRUE,AND($C67="N/A",NOT(ISBLANK($D67))))))) -> FALSE | F67: =AND(E67,F68,F69,F70,F71,F72) -> FALSE | G67: 1 | H67: 67
A68: Proprietary Notice: References to external documents that provide for the data in this section refer only to non-proprietary documents. | B68: Required | C68: <Select> | E68: =IF($B68="Required",OR($C68=TRUE,AND($C68="N/A",NOT(ISBLANK($D68)))),IF($B68="Optional",TRUE,IF($B68="Required if applicable",OR($C68=TRUE,AND($C68="N/A",NOT(ISBLANK($D68)))),OR($C68=TRUE,AND($C68="N/A",NOT(ISBLANK($D68))))))) -> FALSE | F68: =AND(E68) -> FALSE | G68: 2 | H68: 68
A69: 2.1 Packaging and Deployment | B69: Required | C69: <Select> | E69: =IF($B69="Required",OR($C69=TRUE,AND($C69="N/A",NOT(ISBLANK($D69)))),IF($B69="Optional",TRUE,IF($B69="Required if applicable",OR($C69=TRUE,AND($C69="N/A",NOT(ISBLANK($D69)))),OR($C69=TRUE,AND($C69="N/A",NOT(ISBLANK($D69))))))) -> FALSE | F69: =AND(E69) -> FALSE | G69: 2 | H69: 69
A70: 2.2 Initialization | B70: Required | C70: <Select> | E70: =IF($B70="Required",OR($C70=TRUE,AND($C70="N/A",NOT(ISBLANK($D70)))),IF($B70="Optional",TRUE,IF($B70="Required if applicable",OR($C70=TRUE,AND($C70="N/A",NOT(ISBLANK($D70)))),OR($C70=TRUE,AND($C70="N/A",NOT(ISBLANK($D70))))))) -> FALSE | F70: =AND(E70) -> FALSE | G70: 2 | H70: 70
A71: 2.3 Restart | B71: Required | C71: <Select> | E71: =IF($B71="Required",OR($C71=TRUE,AND($C71="N/A",NOT(ISBLANK($D71)))),IF($B71="Optional",TRUE,IF($B71="Required if applicable",OR($C71=TRUE,AND($C71="N/A",NOT(ISBLANK($D71)))),OR($C71=TRUE,AND($C71="N/A",NOT(ISBLANK($D71))))))) -> FALSE | F71: =AND(E71) -> FALSE | G71: 2 | H71: 71
A72: 2.4 Shutdown | B72: Required | C72: <Select> | E72: =IF($B72="Required",OR($C72=TRUE,AND($C72="N/A",NOT(ISBLANK($D72)))),IF($B72="Optional",TRUE,IF($B72="Required if applicable",OR($C72=TRUE,AND($C72="N/A",NOT(ISBLANK($D72)))),OR($C72=TRUE,AND($C72="N/A",NOT(ISBLANK($D72))))))) -> FALSE | F72: =AND(E72) -> FALSE | G72: 2 | H72: 72
A73: 3 Functions | B73: Required | C73: <Select> | E73: =IF($B73="Required",OR($C73=TRUE,AND($C73="N/A",NOT(ISBLANK($D73)))),IF($B73="Optional",TRUE,IF($B73="Required if applicable",OR($C73=TRUE,AND($C73="N/A",NOT(ISBLANK($D73)))),OR($C73=TRUE,AND($C73="N/A",NOT(ISBLANK($D73))))))) -> FALSE | F73: =AND(E73,F74,F75,F76,F101,F162,F200) -> FALSE | G73: 1 | H73: 73
A74: Proprietary Notice: References to external documents that provide for the data in this section refer only to non-proprietary documents. | B74: Required | C74: <Select> | E74: =IF($B74="Required",OR($C74=TRUE,AND($C74="N/A",NOT(ISBLANK($D74)))),IF($B74="Optional",TRUE,IF($B74="Required if applicable",OR($C74=TRUE,AND($C74="N/A",NOT(ISBLANK($D74)))),OR($C74=TRUE,AND($C74="N/A",NOT(ISBLANK($D74))))))) -> FALSE | F74: =AND(E74) -> FALSE | G74: 2 | H74: 74
A75: Table 3.0-1 Function List | B75: Required | C75: <Select> | E75: =IF($B75="Required",OR($C75=TRUE,AND($C75="N/A",NOT(ISBLANK($D75)))),IF($B75="Optional",TRUE,IF($B75="Required if applicable",OR($C75=TRUE,AND($C75="N/A",NOT(ISBLANK($D75)))),OR($C75=TRUE,AND($C75="N/A",NOT(ISBLANK($D75))))))) -> FALSE | F75: =AND(E75) -> FALSE | G75: 2 | H75: 75
A76: 3.1 Required Service Functions | B76: Required | C76: <Select> | E76: =IF($B76="Required",OR($C76=TRUE,AND($C76="N/A",NOT(ISBLANK($D76)))),IF($B76="Optional",TRUE,IF($B76="Required if applicable",OR($C76=TRUE,AND($C76="N/A",NOT(ISBLANK($D76)))),OR($C76=TRUE,AND($C76="N/A",NOT(ISBLANK($D76))))))) -> FALSE | F76: =AND(E76,F77,F86) -> FALSE | G76: 2 | H76: 76
A77: 3.1.1 Service Initialization | B77: Required | C77: <Select> | E77: =IF($B77="Required",OR($C77=TRUE,AND($C77="N/A",NOT(ISBLANK($D77)))),IF($B77="Optional",TRUE,IF($B77="Required if applicable",OR($C77=TRUE,AND($C77="N/A",NOT(ISBLANK($D77)))),OR($C77=TRUE,AND($C77="N/A",NOT(ISBLANK($D77))))))) -> FALSE | F77: =AND(E77,F78,F79,F80,F81,F83,F84,F85) -> FALSE | G77: 3 | H77: 77
A78: 3.1.1.1 Service Initialization Description | B78: Required | C78: <Select> | E78: =IF($B78="Required",OR($C78=TRUE,AND($C78="N/A",NOT(ISBLANK($D78)))),IF($B78="Optional",TRUE,IF($B78="Required if applicable",OR($C78=TRUE,AND($C78="N/A",NOT(ISBLANK($D78)))),OR($C78=TRUE,AND($C78="N/A",NOT(ISBLANK($D78))))))) -> FALSE | F78: =AND(E78) -> FALSE | G78: 4 | H78: 78
A79: 3.1.1.2 Service Initialization Preconditions | B79: Required | C79: <Select> | E79: =IF($B79="Required",OR($C79=TRUE,AND($C79="N/A",NOT(ISBLANK($D79)))),IF($B79="Optional",TRUE,IF($B79="Required if applicable",OR($C79=TRUE,AND($C79="N/A",NOT(ISBLANK($D79)))),OR($C79=TRUE,AND($C79="N/A",NOT(ISBLANK($D79))))))) -> FALSE | F79: =AND(E79) -> FALSE | G79: 4 | H79: 79
A80: 3.1.1.3 Service Initialization Reporting Interval | B80: Required | C80: <Select> | E80: =IF($B80="Required",OR($C80=TRUE,AND($C80="N/A",NOT(ISBLANK($D80)))),IF($B80="Optional",TRUE,IF($B80="Required if applicable",OR($C80=TRUE,AND($C80="N/A",NOT(ISBLANK($D80)))),OR($C80=TRUE,AND($C80="N/A",NOT(ISBLANK($D80))))))) -> FALSE | F80: =AND(E80) -> FALSE | G80: 4 | H80: 80
A81: 3.1.1.4 Service Initialization Inputs and Outputs | B81: Required | C81: <Select> | E81: =IF($B81="Required",OR($C81=TRUE,AND($C81="N/A",NOT(ISBLANK($D81)))),IF($B81="Optional",TRUE,IF($B81="Required if applicable",OR($C81=TRUE,AND($C81="N/A",NOT(ISBLANK($D81)))),OR($C81=TRUE,AND($C81="N/A",NOT(ISBLANK($D81))))))) -> FALSE | F81: =AND(E81,F82) -> FALSE | G81: 4 | H81: 81
A82: Table 3.1-1 Service Initialization Inputs and Outputs | B82: Required | C82: <Select> | E82: =IF($B82="Required",OR($C82=TRUE,AND($C82="N/A",NOT(ISBLANK($D82)))),IF($B82="Optional",TRUE,IF($B82="Required if applicable",OR($C82=TRUE,AND($C82="N/A",NOT(ISBLANK($D82)))),OR($C82=TRUE,AND($C82="N/A",NOT(ISBLANK($D82))))))) -> FALSE | F82: =AND(E82) -> FALSE | G82: 5 | H82: 82
A83: 3.1.1.5 Service Initialization Workflow and Orchestration | B83: Required | C83: <Select> | E83: =IF($B83="Required",OR($C83=TRUE,AND($C83="N/A",NOT(ISBLANK($D83)))),IF($B83="Optional",TRUE,IF($B83="Required if applicable",OR($C83=TRUE,AND($C83="N/A",NOT(ISBLANK($D83)))),OR($C83=TRUE,AND($C83="N/A",NOT(ISBLANK($D83))))))) -> FALSE | F83: =AND(E83) -> FALSE | G83: 4 | H83: 83
A84: 3.1.1.6 Service Initialization Post Conditions | B84: Required | C84: <Select> | E84: =IF($B84="Required",OR($C84=TRUE,AND($C84="N/A",NOT(ISBLANK($D84)))),IF($B84="Optional",TRUE,IF($B84="Required if applicable",OR($C84=TRUE,AND($C84="N/A",NOT(ISBLANK($D84)))),OR($C84=TRUE,AND($C84="N/A",NOT(ISBLANK($D84))))))) -> FALSE | F84: =AND(E84) -> FALSE | G84: 4 | H84: 84
A85: 3.1.1.7 Service Initialization Error Handling | B85: Required | C85: <Select> | E85: =IF($B85="Required",OR($C85=TRUE,AND($C85="N/A",NOT(ISBLANK($D85)))),IF($B85="Optional",TRUE,IF($B85="Required if applicable",OR($C85=TRUE,AND($C85="N/A",NOT(ISBLANK($D85)))),OR($C85=TRUE,AND($C85="N/A",NOT(ISBLANK($D85))))))) -> FALSE | F85: =AND(E85) -> FALSE | G85: 4 | H85: 85
A86: 3.1.2 Service Status | B86: Required | C86: <Select> | E86: =IF($B86="Required",OR($C86=TRUE,AND($C86="N/A",NOT(ISBLANK($D86)))),IF($B86="Optional",TRUE,IF($B86="Required if applicable",OR($C86=TRUE,AND($C86="N/A",NOT(ISBLANK($D86)))),OR($C86=TRUE,AND($C86="N/A",NOT(ISBLANK($D86))))))) -> FALSE | F86: =AND(E86,F87,F88,F89,F90,F92,F99,F100) -> FALSE | G86: 3 | H86: 86
A87: 3.1.2.1 Service Status Description | B87: Required | C87: <Select> | E87: =IF($B87="Required",OR($C87=TRUE,AND($C87="N/A",NOT(ISBLANK($D87)))),IF($B87="Optional",TRUE,IF($B87="Required if applicable",OR($C87=TRUE,AND($C87="N/A",NOT(ISBLANK($D87)))),OR($C87=TRUE,AND($C87="N/A",NOT(ISBLANK($D87))))))) -> FALSE | F87: =AND(E87) -> FALSE | G87: 4 | H87: 87
A88: 3.1.2.2 Service Status Preconditions | B88: Required | C88: <Select> | E88: =IF($B88="Required",OR($C88=TRUE,AND($C88="N/A",NOT(ISBLANK($D88)))),IF($B88="Optional",TRUE,IF($B88="Required if applicable",OR($C88=TRUE,AND($C88="N/A",NOT(ISBLANK($D88)))),OR($C88=TRUE,AND($C88="N/A",NOT(ISBLANK($D88))))))) -> FALSE | F88: =AND(E88) -> FALSE | G88: 4 | H88: 88
A89: 3.1.2.3 Service Status Reporting Interval | B89: Required | C89: <Select> | E89: =IF($B89="Required",OR($C89=TRUE,AND($C89="N/A",NOT(ISBLANK($D89)))),IF($B89="Optional",TRUE,IF($B89="Required if applicable",OR($C89=TRUE,AND($C89="N/A",NOT(ISBLANK($D89)))),OR($C89=TRUE,AND($C89="N/A",NOT(ISBLANK($D89))))))) -> FALSE | F89: =AND(E89) -> FALSE | G89: 4 | H89: 89
A90: 3.1.2.4 Service Status Inputs and Outputs | B90: Required | C90: <Select> | E90: =IF($B90="Required",OR($C90=TRUE,AND($C90="N/A",NOT(ISBLANK($D90)))),IF($B90="Optional",TRUE,IF($B90="Required if applicable",OR($C90=TRUE,AND($C90="N/A",NOT(ISBLANK($D90)))),OR($C90=TRUE,AND($C90="N/A",NOT(ISBLANK($D90))))))) -> FALSE | F90: =AND(E90,F91) -> FALSE | G90: 4 | H90: 90
A91: Table 3.1-2 Service Status Inputs and Outputs | B91: Required | C91: <Select> | E91: =IF($B91="Required",OR($C91=TRUE,AND($C91="N/A",NOT(ISBLANK($D91)))),IF($B91="Optional",TRUE,IF($B91="Required if applicable",OR($C91=TRUE,AND($C91="N/A",NOT(ISBLANK($D91)))),OR($C91=TRUE,AND($C91="N/A",NOT(ISBLANK($D91))))))) -> FALSE | F91: =AND(E91) -> FALSE | G91: 5 | H91: 91
A92: 3.1.2.5 Service Status Workflow and Orchestration | B92: Required | C92: <Select> | E92: =IF($B92="Required",OR($C92=TRUE,AND($C92="N/A",NOT(ISBLANK($D92)))),IF($B92="Optional",TRUE,IF($B92="Required if applicable",OR($C92=TRUE,AND($C92="N/A",NOT(ISBLANK($D92)))),OR($C92=TRUE,AND($C92="N/A",NOT(ISBLANK($D92))))))) -> FALSE | F92: =AND(E92,F93,F96) -> FALSE | G92: 4 | H92: 92
A93: 3.1.2.5.1 Allowed States and Transitions | B93: Required | C93: <Select> | E93: =IF($B93="Required",OR($C93=TRUE,AND($C93="N/A",NOT(ISBLANK($D93)))),IF($B93="Optional",TRUE,IF($B93="Required if applicable",OR($C93=TRUE,AND($C93="N/A",NOT(ISBLANK($D93)))),OR($C93=TRUE,AND($C93="N/A",NOT(ISBLANK($D93))))))) -> FALSE | F93: =AND(E93,F94,F95) -> FALSE | G93: 5 | H93: 93
A94: Figure 3.1-1 Service Status State Diagram | B94: Required | C94: <Select> | E94: =IF($B94="Required",OR($C94=TRUE,AND($C94="N/A",NOT(ISBLANK($D94)))),IF($B94="Optional",TRUE,IF($B94="Required if applicable",OR($C94=TRUE,AND($C94="N/A",NOT(ISBLANK($D94)))),OR($C94=TRUE,AND($C94="N/A",NOT(ISBLANK($D94))))))) -> FALSE | F94: =AND(E94) -> FALSE | G94: 6 | H94: 94
A95: Figure 3.1-2 Allowed Service State Transitions | B95: Required | C95: <Select> | E95: =IF($B95="Required",OR($C95=TRUE,AND($C95="N/A",NOT(ISBLANK($D95)))),IF($B95="Optional",TRUE,IF($B95="Required if applicable",OR($C95=TRUE,AND($C95="N/A",NOT(ISBLANK($D95)))),OR($C95=TRUE,AND($C95="N/A",NOT(ISBLANK($D95))))))) -> FALSE | F95: =AND(E95) -> FALSE | G95: 6 | H95: 95
A96: 3.1.2.5.2 Service Status Sequence Diagram | B96: Required | C96: <Select> | E96: =IF($B96="Required",OR($C96=TRUE,AND($C96="N/A",NOT(ISBLANK($D96)))),IF($B96="Optional",TRUE,IF($B96="Required if applicable",OR($C96=TRUE,AND($C96="N/A",NOT(ISBLANK($D96)))),OR($C96=TRUE,AND($C96="N/A",NOT(ISBLANK($D96))))))) -> FALSE | F96: =AND(E96,F97,F98) -> FALSE | G96: 5 | H96: 96
A97: Figure 3.1-3 Service Status Sequence Diagram | B97: Required | C97: <Select> | E97: =IF($B97="Required",OR($C97=TRUE,AND($C97="N/A",NOT(ISBLANK($D97)))),IF($B97="Optional",TRUE,IF($B97="Required if applicable",OR($C97=TRUE,AND($C97="N/A",NOT(ISBLANK($D97)))),OR($C97=TRUE,AND($C97="N/A",NOT(ISBLANK($D97))))))) -> FALSE | F97: =AND(E97) -> FALSE | G97: 6 | H97: 97
A98: Figure 3.1-4 Service Status Data Request Response Rules | B98: Required | C98: <Select> | E98: =IF($B98="Required",OR($C98=TRUE,AND($C98="N/A",NOT(ISBLANK($D98)))),IF($B98="Optional",TRUE,IF($B98="Required if applicable",OR($C98=TRUE,AND($C98="N/A",NOT(ISBLANK($D98)))),OR($C98=TRUE,AND($C98="N/A",NOT(ISBLANK($D98))))))) -> FALSE | F98: =AND(E98) -> FALSE | G98: 6 | H98: 98
A99: 3.1.2.6 Service Status Post Conditions | B99: Required | C99: <Select> | E99: =IF($B99="Required",OR($C99=TRUE,AND($C99="N/A",NOT(ISBLANK($D99)))),IF($B99="Optional",TRUE,IF($B99="Required if applicable",OR($C99=TRUE,AND($C99="N/A",NOT(ISBLANK($D99)))),OR($C99=TRUE,AND($C99="N/A",NOT(ISBLANK($D99))))))) -> FALSE | F99: =AND(E99) -> FALSE | G99: 4 | H99: 99
A100: 3.1.2.7 Service Status Error Handling | B100: Required | C100: <Select> | E100: =IF($B100="Required",OR($C100=TRUE,AND($C100="N/A",NOT(ISBLANK($D100)))),IF($B100="Optional",TRUE,IF($B100="Required if applicable",OR($C100=TRUE,AND($C100="N/A",NOT(ISBLANK($D100)))),OR($C100=TRUE,AND($C100="N/A",NOT(ISBLANK($D100))))))) -> FALSE | F100: =AND(E100) -> FALSE | G100: 4 | H100: 100
A101: 3.2 Required Subsystem Functions | B101: Required | C101: <Select> | E101: =IF($B101="Required",OR($C101=TRUE,AND($C101="N/A",NOT(ISBLANK($D101)))),IF($B101="Optional",TRUE,IF($B101="Required if applicable",OR($C101=TRUE,AND($C101="N/A",NOT(ISBLANK($D101)))),OR($C101=TRUE,AND($C101="N/A",NOT(ISBLANK($D101))))))) -> FALSE | F101: =AND(E101,F102,F111,F126,F135,F144,F153) -> FALSE | G101: 2 | H101: 101
A102: 3.2.1 Subsystem Startup | B102: Required | C102: <Select> | E102: =IF($B102="Required",OR($C102=TRUE,AND($C102="N/A",NOT(ISBLANK($D102)))),IF($B102="Optional",TRUE,IF($B102="Required if applicable",OR($C102=TRUE,AND($C102="N/A",NOT(ISBLANK($D102)))),OR($C102=TRUE,AND($C102="N/A",NOT(ISBLANK($D102))))))) -> FALSE | F102: =AND(E102,F103,F104,F105,F106,F108,F109,F110) -> FALSE | G102: 3 | H102: 102
...

Sheet OMS Msgs
A1: OMS Messages | G1: Message Set | H1: Uses Applicable Tier 1 MMS | J1: Uses Applicable Tier 1 Required Subsystem | L1: Uses Applicable Tier 2 MMS | N1: Tier 3 Uses Applicable OMS Msgs | T1: Messages Documented and Tested | BP1: OMS Message - An OMS Message is a unit of information sent or received using an OMS CAL. OMS Messages are primarily command-and-control-oriented exchanges used inside of a Mission Package to coordinate key mission functionality, technical capabilities, and operational behaviors of the interaction between the Architecture Elements (Platforms, Subsystems, Services, and Isolators).
G2: Implementation | H2: =AND($I$5:$I$727) -> FALSE | J2: =AND($K$5:$K$727) -> FALSE | L2: =AND($M$5:$M$727) -> FALSE | N2: =AND($O$5:$O$727) -> FALSE | T2: =AND($W$5:$W$727) -> TRUE
A4: Valid OMS Messages UCI Schema v002.5, 22 January 2026 | B4: OMS Tier 1 MMS | C4: Tier 1 Required Subsystem Message Set | D4: OMS Tier 2 MMS | E4: Valid OMS Message | F4: Used | G4: Rationale for N/A | H4: Tier 1 MMS Compliant | I4: Check Tier 1 MMS | J4: Tier 1 Required Subsystem Compliant | K4: Check Tier 1 Subsystem | L4: Tier 2 MMS Compliant | M4: Check Tier 2 MMS | N4: Tier 3 Compliant | O4: Uses Applicable Msgs | P4: Service Contract Section | Q4: Input | R4: Output | S4: Functional Test Results Location | T4: Message Documented and Tested | U4: Change Request Identifier, if Applicable | V4: Notes | W4: If Used is Documented | X4: Msg Used | Y4: Entered SC Section | Z4: Indicated Input | AA4: Indicated Output | AB4: Entered FTR Location | AC4: Entered Applicable CR | AD4: Not Used Count | AE4: Used Count | AF4: Contains "<Select>"? | AG4: Counts | AH4: Count for all with "YES WITH MODIFICATION" | AI4: Contains "N/A" in column F | AJ4: Contains "N/A" and Rationale in column F | AK4: Contains YES WITH MODIFICATION | AL4: CR Identified | AM4: Same value for TRUE for YES WITH MODIFICATION AND CR Identified? | AN4: Count for TRUE | AO4: YES WITH MODIFICATION have CR identified? | AP4: Message Sets | AQ4: Functional Test Result Location Entered? | AR4: Message is documented and tested? | AS4: Check for "STD-000063 (-1)_2" | AT4: Check for "STD-000064 (-1)_2" | AU4: Check for "STD-000064 (-1)_3" | AV4: Count check for Tier 1 MMS YES WITH MODIFICATION | AW4: Count check for Tier 1 MMS CR Identified | AX4: Count check for Tier 1 MMS "N/A" | AY4: Count check for Tier 1 MMS Rationale Entered | AZ4: Count check for Tier 1 Sub MMS YES WITH MODIFICATION | BA4: Count check for Tier 1 Sub MMS CR Identified | BB4: Count check for Tier 1 Sub MMS "N/A" | BC4: Count check for Tier 1 Sub MMS Rationale Entered | BD4: Count check for Tier 2 MMS YES WITH MODIFICATION | BE4: Count check for Tier 2 MMS CR Identified | BF4: Count check for Tier 2 MMS "N/A" | BG4: Count check for Tier 2 MMS Rationale Entered | BH4: OMS Msgs Completed and FTR Locations are identified | BI4: Check for "STD-000074 (-2)_1" | BJ4: Check for "STD-000074 (-2)_2" | BK4: Column F row completed? | BL4: Column F Completed? | BM4: AC | BN4: Main Calculation | BO4: Input/Output Data Validation
A5: AMTI_Activity | B5: YES | C5: YES | D5: NO | E5: YES | F5: <Select> | H5: =IF(B5="YES",(IF(F5="Yes",TRUE,(IF(F5="YES WITH MODIFICATION",(IF((NOT(ISBLANK(U5))),"Used with modification","Change Request?")),(IF(F5="N/A",(IF((NOT(ISBLANK(G5))),"Not Used","Rationale?")),(IF(F5="<Select>","Used?",FALSE)))))))),"N/A") -> Used? | I5: =IF(B5="YES",OR(IF(F5="YES",TRUE,FALSE),IF(AND(F5="YES WITH MODIFICATION",NOT(ISBLANK(U5))),TRUE,FALSE),(IF(F5="N/A",NOT(ISBLANK(G5))))),TRUE) -> FALSE | J5: =IF(C5="YES",(IF(F5="YES",TRUE,(IF(F5="YES WITH MODIFICATION",(IF((NOT(ISBLANK(U5))),"Used with modification","Change Request?")),(IF(F5="N/A",(IF((NOT(ISBLANK(G5))),"Not Used","Rationale?")),(IF(F5="<Select>","Used?",FALSE)))))))),"N/A") -> Used? | K5: =IF(C5="YES",OR(IF(F5="YES",TRUE,FALSE),IF(AND(F5="YES WITH MODIFICATION",NOT(ISBLANK(U5))),TRUE,FALSE),(IF(F5="N/A",NOT(ISBLANK(G5))))),TRUE) -> FALSE | L5: =IF(D5="YES",(IF(F5="YES",TRUE,(IF(F5="YES WITH MODIFICATION",(IF((NOT(ISBLANK(U5))),"Used with modification","Change Request?")),(IF(F5="N/A",(IF((NOT(ISBLANK(G5))),"Not Used","Rationale?")),(IF(F5="<Select>","Used?",FALSE)))))))),"N/A") -> N/A | M5: =IF(D5="YES",OR(IF(F5="YES",TRUE,FALSE),IF(AND(F5="YES WITH MODIFICATION",NOT(ISBLANK(U5))),TRUE,FALSE),(IF(F5="N/A",NOT(ISBLANK(G5))))),TRUE) -> TRUE | N5: =IF(E5="YES",(IF(F5="YES",TRUE,(IF(F5="YES WITH MODIFICATION",(IF((NOT(ISBLANK(U5))),"Used with modification","Change Request?")),(IF(F5="N/A",(IF((NOT(ISBLANK(G5))),"Not Used","Rationale?")),(IF(F5="<Select>","Used?",FALSE)))))))),"N/A") -> Used? | O5: =IF(E5="YES",OR(IF(F5="YES",TRUE,FALSE),IF(AND(F5="YES WITH MODIFICATION",NOT(ISBLANK(U5))),TRUE,FALSE),(IF(F5="N/A",NOT(ISBLANK(G5))))),TRUE) -> FALSE | P5: SC §3.X.X.X | Q5: <Select> | R5: <Select> | S5: <enter location here> | T5: =IF(NOT(OR(F5="Yes",F5="YES WITH MODIFICATION")),"Not Used",(AND(X5=Y5,X5=(OR(Z5=TRUE,AA5=TRUE)), X5=AB5, X5=AC5))) -> Not Used | W5: =IF(T5=TRUE,TRUE,(IF(T5="Not Used", TRUE,FALSE))) -> TRUE | X5: =IF(OR(F5="YES",F5="YES WITH MODIFICATION"),TRUE,"Not Used") -> Not Used | Y5: =IF(OR(P5="SC §3.X.X.X", ISBLANK(P5)),"Not Used", TRUE) -> Not Used | Z5: =IF(OR(Q5="<Select>",(ISBLANK(Q5))),"Not Used",TRUE) -> Not Used | AA5: =IF(OR(R5="<Select>",(ISBLANK(R5))),"Not Used",TRUE) -> Not Used | AB5: =IF(OR(S5="<enter location here>",(ISBLANK(S5))),"Not Used",TRUE) -> Not Used | AC5: =IF(F5="YES WITH MODIFICATION",IF(NOT(ISBLANK(U5)),TRUE,FALSE),TRUE) -> TRUE | AD5: =COUNTIF($X$5:$X$5, "Not Used") -> 1 | AE5: =COUNTIF($X$5:$X$5, "TRUE") -> 0 | AF5: =IF(F5="<Select>", TRUE,FALSE) -> TRUE | AG5: Count for "<Select>" | AH5: =COUNTIF($F$5:$F$727, "YES WITH MODIFICATION") -> 0 | AI5: =IF(F5="N/A", TRUE, FALSE) -> FALSE | AJ5: =IF(AI5=TRUE, IF(NOT(ISBLANK(G5)), TRUE, FALSE)) -> FALSE | AK5: =IF(F5="YES WITH MODIFICATION", TRUE, FALSE) -> FALSE | AL5: =IF(ISBLANK(U5), FALSE, TRUE) -> FALSE | AM5: =IF(AND(AK5=TRUE, AL5=TRUE), TRUE, FALSE) -> FALSE | AN5: =COUNTIF($AM$5:$AM$727, "TRUE") -> 0 | AO5: =IF(AND(F5="YES WITH MODIFICATION", NOT(ISBLANK(U5))), TRUE, FALSE) -> FALSE | AP5: =IF(AND(B5="YES", C5="YES", D5="YES"), "Tier 1 MMS, Tier 1 Sub MMS, Tier 2 MMS", IF(AND(B5="YES", C5="YES"), "Tier 1 MMS, Tier 1 Sub MMS", IF(AND(B5="YES", D5="YES"), "Tier 1 MMS, Tier 2 MMS", IF(AND(C5="YES", D5="YES"), "Tier 1 Sub MMS, Tier 2 MMS", IF(B5="YES", "Tier 1 MMS", IF(C5="YES", "Tier 1 Sub MMS", IF(D5="YES", "Tier 2 MMS", "Not in MMS"))))))) -> Tier 1 MMS, Tier 1 Sub MMS | AQ5: =IF(S5="<enter location here>", FALSE, TRUE) -> FALSE | AR5: =IF(F5="<Select>", FALSE, IF(T5=FALSE, FALSE, TRUE)) -> FALSE | AS5: =IF(ISNUMBER(SEARCH("Tier 1 Sub MMS",AP5)), IF(F5="<Select>", FALSE, IF(AND(F5="N/A", J5="Rationale?"), FALSE, TRUE)), "") -> FALSE | AT5: =IF(ISNUMBER(SEARCH("Tier 1 MMS",AP5)), IF(F5="<Select>", FALSE, IF(AND(F5="N/A", H5="Rationale?"), FALSE, TRUE)), "") -> FALSE | AU5: =IF(ISNUMBER(SEARCH("Tier 1 MMS",AP5)), IF(F5="<Select>", FALSE, IF(AND(F5="YES WITH MODIFICATION", H5="Change Request?"), FALSE, TRUE)), "") -> FALSE | AV5: =IF(ISNUMBER(SEARCH("Tier 1 MMS",AP5)), IF(AK5=TRUE, TRUE, ""),"") | AW5: =IF(ISNUMBER(SEARCH("Tier 1 MMS",AP5)), IF(AL5=TRUE, TRUE, ""),"") | AX5: =IF(ISNUMBER(SEARCH("Tier 1 MMS",AP5)), IF(AI5=TRUE, TRUE, ""),"") | AY5: =IF(ISNUMBER(SEARCH("Tier 1 MMS",AP5)), IF(AJ5=TRUE, TRUE, ""),"") | AZ5: =IF(ISNUMBER(SEARCH("Tier 1 Sub MMS",AP5)), IF(AK5=TRUE, TRUE, ""),"") | BA5: =IF(ISNUMBER(SEARCH("Tier 1 Sub MMS",AP5)), IF(AL5=TRUE, TRUE, ""),"") | BB5: =IF(ISNUMBER(SEARCH("Tier 1 Sub MMS",AP5)), IF(AI5=TRUE, TRUE, ""),"") | BC5: =IF(ISNUMBER(SEARCH("Tier 1 Sub MMS",AP5)), IF(AJ5=TRUE, TRUE, ""),"") | BD5: =IF(ISNUMBER(SEARCH("Tier 2 MMS",AP5)), IF(AK5=TRUE, TRUE, ""),"") | BE5: =IF(ISNUMBER(SEARCH("Tier 2 MMS",AP5)), IF(AL5=TRUE, TRUE, ""),"") | BF5: =IF(ISNUMBER(SEARCH("Tier 2 MMS",AP5)), IF(AI5=TRUE, TRUE, ""),"") | BG5: =IF(ISNUMBER(SEARCH("Tier 2 MMS",AP5)), IF(AJ5=TRUE, TRUE, ""),"") | BH5: =IF(OR(F5="<Select>", AQ5=FALSE), FALSE, TRUE) -> FALSE | BI5: =IF(E5="YES", "", IF(E5="NO", IF(F5="N/A",TRUE,IF(F5="YES",FALSE)))) | BJ5: =IF(E5="YES", "", IF(E5="NO", IF(AND(F5="N/A", NOT(ISBLANK(G5))), TRUE, IF(AND(F5="YES",AL5=TRUE),TRUE,FALSE)))) | BK5: =IF(OR(F5="<Select>", T5=FALSE), FALSE, TRUE) -> FALSE | BL5: =AND(BK5:BK727) -> FALSE | BM5: Subsystem: 63 (-1)_1 | BN5: =J2 -> FALSE
A6: AMTI_Capability | B6: YES | C6: YES | D6: NO | E6: YES | F6: <Select> | H6: =IF(B6="YES",(IF(F6="Yes",TRUE,(IF(F6="YES WITH MODIFICATION",(IF((NOT(ISBLANK(U6))),"Used with modification","Change Request?")),(IF(F6="N/A",(IF((NOT(ISBLANK(G6))),"Not Used","Rationale?")),(IF(F6="<Select>","Used?",FALSE)))))))),"N/A") -> Used? | I6: =IF(B6="YES",OR(IF(F6="YES",TRUE,FALSE),IF(AND(F6="YES WITH MODIFICATION",NOT(ISBLANK(U6))),TRUE,FALSE),(IF(F6="N/A",NOT(ISBLANK(G6))))),TRUE) -> FALSE | J6: =IF(C6="YES",(IF(F6="YES",TRUE,(IF(F6="YES WITH MODIFICATION",(IF((NOT(ISBLANK(U6))),"Used with modification","Change Request?")),(IF(F6="N/A",(IF((NOT(ISBLANK(G6))),"Not Used","Rationale?")),(IF(F6="<Select>","Used?",FALSE)))))))),"N/A") -> Used? | K6: =IF(C6="YES",OR(IF(F6="YES",TRUE,FALSE),IF(AND(F6="YES WITH MODIFICATION",NOT(ISBLANK(U6))),TRUE,FALSE),(IF(F6="N/A",NOT(ISBLANK(G6))))),TRUE) -> FALSE | L6: =IF(D6="YES",(IF(F6="YES",TRUE,(IF(F6="YES WITH MODIFICATION",(IF((NOT(ISBLANK(U6))),"Used with modification","Change Request?")),(IF(F6="N/A",(IF((NOT(ISBLANK(G6))),"Not Used","Rationale?")),(IF(F6="<Select>","Used?",FALSE)))))))),"N/A") -> N/A | M6: =IF(D6="YES",OR(IF(F6="YES",TRUE,FALSE),IF(AND(F6="YES WITH MODIFICATION",NOT(ISBLANK(U6))),TRUE,FALSE),(IF(F6="N/A",NOT(ISBLANK(G6))))),TRUE) -> TRUE | N6: =IF(E6="YES",(IF(F6="YES",TRUE,(IF(F6="YES WITH MODIFICATION",(IF((NOT(ISBLANK(U6))),"Used with modification","Change Request?")),(IF(F6="N/A",(IF((NOT(ISBLANK(G6))),"Not Used","Rationale?")),(IF(F6="<Select>","Used?",FALSE)))))))),"N/A") -> Used? | O6: =IF(E6="YES",OR(IF(F6="YES",TRUE,FALSE),IF(AND(F6="YES WITH MODIFICATION",NOT(ISBLANK(U6))),TRUE,FALSE),(IF(F6="N/A",NOT(ISBLANK(G6))))),TRUE) -> FALSE | P6: SC §3.X.X.X | Q6: <Select> | R6: <Select> | S6: <enter location here> | T6: =IF(NOT(OR(F6="Yes",F6="YES WITH MODIFICATION")),"Not Used",(AND(X6=Y6,X6=(OR(Z6=TRUE,AA6=TRUE)), X6=AB6, X6=AC6))) -> Not Used | W6: =IF(T6=TRUE,TRUE,(IF(T6="Not Used", TRUE,FALSE))) -> TRUE | X6: =IF(OR(F6="YES",F6="YES WITH MODIFICATION"),TRUE,"Not Used") -> Not Used | Y6: =IF(OR(P6="SC §3.X.X.X", ISBLANK(P6)),"Not Used", TRUE) -> Not Used | Z6: =IF(OR(Q6="<Select>",(ISBLANK(Q6))),"Not Used",TRUE) -> Not Used | AA6: =IF(OR(R6="<Select>",(ISBLANK(R6))),"Not Used",TRUE) -> Not Used | AB6: =IF(OR(S6="<enter location here>",(ISBLANK(S6))),"Not Used",TRUE) -> Not Used | AC6: =IF(F6="YES WITH MODIFICATION",IF(NOT(ISBLANK(U6)),TRUE,FALSE),TRUE) -> TRUE | AD6: =COUNTIF($X$5:$X$6, "Not Used") -> 2 | AE6: =COUNTIF($X$5:$X$6, "TRUE") -> 0 | AF6: =IF(F6="<Select>", TRUE,FALSE) -> TRUE | AG6: =COUNTIF($AF$5:$AF$727, "TRUE") -> 723 | AH6: Count for Tier 2 MMS "YES WITH MODIFICATION" | AI6: =IF(F6="N/A", TRUE, FALSE) -> FALSE | AJ6: =IF(AI6=TRUE, IF(NOT(ISBLANK(G6)), TRUE, FALSE)) -> FALSE | AK6: =IF(F6="YES WITH MODIFICATION", TRUE, FALSE) -> FALSE | AL6: =IF(ISBLANK(U6), FALSE, TRUE) -> FALSE | AM6: =IF(AND(AK6=TRUE, AL6=TRUE), TRUE, FALSE) -> FALSE | AO6: =IF(AND(F6="YES WITH MODIFICATION", NOT(ISBLANK(U6))), TRUE, FALSE) -> FALSE | AP6: =IF(AND(B6="YES", C6="YES", D6="YES"), "Tier 1 MMS, Tier 1 Sub MMS, Tier 2 MMS", IF(AND(B6="YES", C6="YES"), "Tier 1 MMS, Tier 1 Sub MMS", IF(AND(B6="YES", D6="YES"), "Tier 1 MMS, Tier 2 MMS", IF(AND(C6="YES", D6="YES"), "Tier 1 Sub MMS, Tier 2 MMS", IF(B6="YES", "Tier 1 MMS", IF(C6="YES", "Tier 1 Sub MMS", IF(D6="YES", "Tier 2 MMS", "Not in MMS"))))))) -> Tier 1 MMS, Tier 1 Sub MMS | AQ6: =IF(S6="<enter location here>", FALSE, TRUE) -> FALSE | AR6: =IF(F6="<Select>", FALSE, IF(T6=FALSE, FALSE, TRUE)) -> FALSE | AS6: =IF(ISNUMBER(SEARCH("Tier 1 Sub MMS",AP6)), IF(F6="<Select>", FALSE, IF(AND(F6="N/A", J6="Rationale?"), FALSE, TRUE)), "") -> FALSE | AT6: =IF(ISNUMBER(SEARCH("Tier 1 MMS",AP6)), IF(F6="<Select>", FALSE, IF(AND(F6="N/A", H6="Rationale?"), FALSE, TRUE)), "") -> FALSE | AU6: =IF(ISNUMBER(SEARCH("Tier 1 MMS",AP6)), IF(F6="<Select>", FALSE, IF(AND(F6="YES WITH MODIFICATION", H6="Change Request?"), FALSE, TRUE)), "") -> FALSE | AV6: =IF(ISNUMBER(SEARCH("Tier 1 MMS",AP6)), IF(AK6=TRUE, TRUE, ""),"") | AW6: =IF(ISNUMBER(SEARCH("Tier 1 MMS",AP6)), IF(AL6=TRUE, TRUE, ""),"") | AX6: =IF(ISNUMBER(SEARCH("Tier 1 MMS",AP6)), IF(AI6=TRUE, TRUE, ""),"") | AY6: =IF(ISNUMBER(SEARCH("Tier 1 MMS",AP6)), IF(AJ6=TRUE, TRUE, ""),"") | AZ6: =IF(ISNUMBER(SEARCH("Tier 1 Sub MMS",AP6)), IF(AK6=TRUE, TRUE, ""),"") | BA6: =IF(ISNUMBER(SEARCH("Tier 1 Sub MMS",AP6)), IF(AL6=TRUE, TRUE, ""),"") | BB6: =IF(ISNUMBER(SEARCH("Tier 1 Sub MMS",AP6)), IF(AI6=TRUE, TRUE, ""),"") | BC6: =IF(ISNUMBER(SEARCH("Tier 1 Sub MMS",AP6)), IF(AJ6=TRUE, TRUE, ""),"") | BD6: =IF(ISNUMBER(SEARCH("Tier 2 MMS",AP6)), IF(AK6=TRUE, TRUE, ""),"") | BE6: =IF(ISNUMBER(SEARCH("Tier 2 MMS",AP6)), IF(AL6=TRUE, TRUE, ""),"") | BF6: =IF(ISNUMBER(SEARCH("Tier 2 MMS",AP6)), IF(AI6=TRUE, TRUE, ""),"") | BG6: =IF(ISNUMBER(SEARCH("Tier 2 MMS",AP6)), IF(AJ6=TRUE, TRUE, ""),"") | BH6: =IF(OR(F6="<Select>", AQ6=FALSE), FALSE, TRUE) -> FALSE | BI6: =IF(E6="YES", "", IF(E6="NO", IF(F6="N/A",TRUE,IF(F6="YES",FALSE)))) | BJ6: =IF(E6="YES", "", IF(E6="NO", IF(AND(F6="N/A", NOT(ISBLANK(G6))), TRUE, IF(AND(F6="YES",AL6=TRUE),TRUE,FALSE)))) | BK6: =IF(OR(F6="<Select>", T6=FALSE), FALSE, TRUE) -> FALSE | BM6: Subsystem: 63 (-1)_2 | BN6: =IF(AH19=0, "N/A", IF(AH19>0, IF(AND(AH19=AH21), TRUE, FALSE))) -> N/A | BO6: X
A7: AMTI_CapabilityStatus | B7: YES | C7: YES | D7: NO | E7: YES | F7: <Select> | H7: =IF(B7="YES",(IF(F7="Yes",TRUE,(IF(F7="YES WITH MODIFICATION",(IF((NOT(ISBLANK(U7))),"Used with modification","Change Request?")),(IF(F7="N/A",(IF((NOT(ISBLANK(G7))),"Not Used","Rationale?")),(IF(F7="<Select>","Used?",FALSE)))))))),"N/A") -> Used? | I7: =IF(B7="YES",OR(IF(F7="YES",TRUE,FALSE),IF(AND(F7="YES WITH MODIFICATION",NOT(ISBLANK(U7))),TRUE,FALSE),(IF(F7="N/A",NOT(ISBLANK(G7))))),TRUE) -> FALSE | J7: =IF(C7="YES",(IF(F7="YES",TRUE,(IF(F7="YES WITH MODIFICATION",(IF((NOT(ISBLANK(U7))),"Used with modification","Change Request?")),(IF(F7="N/A",(IF((NOT(ISBLANK(G7))),"Not Used","Rationale?")),(IF(F7="<Select>","Used?",FALSE)))))))),"N/A") -> Used? | K7: =IF(C7="YES",OR(IF(F7="YES",TRUE,FALSE),IF(AND(F7="YES WITH MODIFICATION",NOT(ISBLANK(U7))),TRUE,FALSE),(IF(F7="N/A",NOT(ISBLANK(G7))))),TRUE) -> FALSE | L7: =IF(D7="YES",(IF(F7="YES",TRUE,(IF(F7="YES WITH MODIFICATION",(IF((NOT(ISBLANK(U7))),"Used with modification","Change Request?")),(IF(F7="N/A",(IF((NOT(ISBLANK(G7))),"Not Used","Rationale?")),(IF(F7="<Select>","Used?",FALSE)))))))),"N/A") -> N/A | M7: =IF(D7="YES",OR(IF(F7="YES",TRUE,FALSE),IF(AND(F7="YES WITH MODIFICATION",NOT(ISBLANK(U7))),TRUE,FALSE),(IF(F7="N/A",NOT(ISBLANK(G7))))),TRUE) -> TRUE | N7: =IF(E7="YES",(IF(F7="YES",TRUE,(IF(F7="YES WITH MODIFICATION",(IF((NOT(ISBLANK(U7))),"Used with modification","Change Request?")),(IF(F7="N/A",(IF((NOT(ISBLANK(G7))),"Not Used","Rationale?")),(IF(F7="<Select>","Used?",FALSE)))))))),"N/A") -> Used? | O7: =IF(E7="YES",OR(IF(F7="YES",TRUE,FALSE),IF(AND(F7="YES WITH MODIFICATION",NOT(ISBLANK(U7))),TRUE,FALSE),(IF(F7="N/A",NOT(ISBLANK(G7))))),TRUE) -> FALSE | P7: SC §3.X.X.X | Q7: <Select> | R7: <Select> | S7: <enter location here> | T7: =IF(NOT(OR(F7="Yes",F7="YES WITH MODIFICATION")),"Not Used",(AND(X7=Y7,X7=(OR(Z7=TRUE,AA7=TRUE)), X7=AB7, X7=AC7))) -> Not Used | W7: =IF(T7=TRUE,TRUE,(IF(T7="Not Used", TRUE,FALSE))) -> TRUE | X7: =IF(OR(F7="YES",F7="YES WITH MODIFICATION"),TRUE,"Not Used") -> Not Used | Y7: =IF(OR(P7="SC §3.X.X.X", ISBLANK(P7)),"Not Used", TRUE) -> Not Used | Z7: =IF(OR(Q7="<Select>",(ISBLANK(Q7))),"Not Used",TRUE) -> Not Used | AA7: =IF(OR(R7="<Select>",(ISBLANK(R7))),"Not Used",TRUE) -> Not Used | AB7: =IF(OR(S7="<enter location here>",(ISBLANK(S7))),"Not Used",TRUE) -> Not Used | AC7: =IF(F7="YES WITH MODIFICATION",IF(NOT(ISBLANK(U7)),TRUE,FALSE),TRUE) -> TRUE | AD7: =COUNTIF($X$5:$X$7, "Not Used") -> 3 | AE7: =COUNTIF($X$5:$X$7, "TRUE") -> 0 | AF7: =IF(F7="<Select>", TRUE,FALSE) -> TRUE | AG7: Count for "N/A" | AH7: =COUNTIF($BD$5:$BD$727, "TRUE") -> 0 | AI7: =IF(F7="N/A", TRUE, FALSE) -> FALSE | AJ7: =IF(AI7=TRUE, IF(NOT(ISBLANK(G7)), TRUE, FALSE)) -> FALSE | AK7: =IF(F7="YES WITH MODIFICATION", TRUE, FALSE) -> FALSE | AL7: =IF(ISBLANK(U7), FALSE, TRUE) -> FALSE | AM7: =IF(AND(AK7=TRUE, AL7=TRUE), TRUE, FALSE) -> FALSE | AO7: =IF(AND(F7="YES WITH MODIFICATION", NOT(ISBLANK(U7))), TRUE, FALSE) -> FALSE | AP7: =IF(AND(B7="YES", C7="YES", D7="YES"), "Tier 1 MMS, Tier 1 Sub MMS, Tier 2 MMS", IF(AND(B7="YES", C7="YES"), "Tier 1 MMS, Tier 1 Sub MMS", IF(AND(B7="YES", D7="YES"), "Tier 1 MMS, Tier 2 MMS", IF(AND(C7="YES", D7="YES"), "Tier 1 Sub MMS, Tier 2 MMS", IF(B7="YES", "Tier 1 MMS", IF(C7="YES", "Tier 1 Sub MMS", IF(D7="YES", "Tier 2 MMS", "Not in MMS"))))))) -> Tier 1 MMS, Tier 1 Sub MMS | AQ7: =IF(S7="<enter location here>", FALSE, TRUE) -> FALSE | AR7: =IF(F7="<Select>", FALSE, IF(T7=FALSE, FALSE, TRUE)) -> FALSE | AS7: =IF(ISNUMBER(SEARCH("Tier 1 Sub MMS",AP7)), IF(F7="<Select>", FALSE, IF(AND(F7="N/A", J7="Rationale?"), FALSE, TRUE)), "") -> FALSE | AT7: =IF(ISNUMBER(SEARCH("Tier 1 MMS",AP7)), IF(F7="<Select>", FALSE, IF(AND(F7="N/A", H7="Rationale?"), FALSE, TRUE)), "") -> FALSE | AU7: =IF(ISNUMBER(SEARCH("Tier 1 MMS",AP7)), IF(F7="<Select>", FALSE, IF(AND(F7="YES WITH MODIFICATION", H7="Change Request?"), FALSE, TRUE)), "") -> FALSE | AV7: =IF(ISNUMBER(SEARCH("Tier 1 MMS",AP7)), IF(AK7=TRUE, TRUE, ""),"") | AW7: =IF(ISNUMBER(SEARCH("Tier 1 MMS",AP7)), IF(AL7=TRUE, TRUE, ""),"") | AX7: =IF(ISNUMBER(SEARCH("Tier 1 MMS",AP7)), IF(AI7=TRUE, TRUE, ""),"") | AY7: =IF(ISNUMBER(SEARCH("Tier 1 MMS",AP7)), IF(AJ7=TRUE, TRUE, ""),"") | AZ7: =IF(ISNUMBER(SEARCH("Tier 1 Sub MMS",AP7)), IF(AK7=TRUE, TRUE, ""),"") | BA7: =IF(ISNUMBER(SEARCH("Tier 1 Sub MMS",AP7)), IF(AL7=TRUE, TRUE, ""),"") | BB7: =IF(ISNUMBER(SEARCH("Tier 1 Sub MMS",AP7)), IF(AI7=TRUE, TRUE, ""),"") | BC7: =IF(ISNUMBER(SEARCH("Tier 1 Sub MMS",AP7)), IF(AJ7=TRUE, TRUE, ""),"") | BD7: =IF(ISNUMBER(SEARCH("Tier 2 MMS",AP7)), IF(AK7=TRUE, TRUE, ""),"") | BE7: =IF(ISNUMBER(SEARCH("Tier 2 MMS",AP7)), IF(AL7=TRUE, TRUE, ""),"") | BF7: =IF(ISNUMBER(SEARCH("Tier 2 MMS",AP7)), IF(AI7=TRUE, TRUE, ""),"") | BG7: =IF(ISNUMBER(SEARCH("Tier 2 MMS",AP7)), IF(AJ7=TRUE, TRUE, ""),"") | BH7: =IF(OR(F7="<Select>", AQ7=FALSE), FALSE, TRUE) -> FALSE | BI7: =IF(E7="YES", "", IF(E7="NO", IF(F7="N/A",TRUE,IF(F7="YES",FALSE)))) | BJ7: =IF(E7="YES", "", IF(E7="NO", IF(AND(F7="N/A", NOT(ISBLANK(G7))), TRUE, IF(AND(F7="YES",AL7=TRUE),TRUE,FALSE)))) | BK7: =IF(OR(F7="<Select>", T7=FALSE), FALSE, TRUE) -> FALSE | BM7: Subsystem: 64 (-1)_1 Service: 44 (-1)_1 | BN7: =H2 -> FALSE
A8: AMTI_Command | B8: YES | C8: YES | D8: NO | E8: YES | F8: <Select> | H8: =IF(B8="YES",(IF(F8="Yes",TRUE,(IF(F8="YES WITH MODIFICATION",(IF((NOT(ISBLANK(U8))),"Used with modification","Change Request?")),(IF(F8="N/A",(IF((NOT(ISBLANK(G8))),"Not Used","Rationale?")),(IF(F8="<Select>","Used?",FALSE)))))))),"N/A") -> Used? | I8: =IF(B8="YES",OR(IF(F8="YES",TRUE,FALSE),IF(AND(F8="YES WITH MODIFICATION",NOT(ISBLANK(U8))),TRUE,FALSE),(IF(F8="N/A",NOT(ISBLANK(G8))))),TRUE) -> FALSE | J8: =IF(C8="YES",(IF(F8="YES",TRUE,(IF(F8="YES WITH MODIFICATION",(IF((NOT(ISBLANK(U8))),"Used with modification","Change Request?")),(IF(F8="N/A",(IF((NOT(ISBLANK(G8))),"Not Used","Rationale?")),(IF(F8="<Select>","Used?",FALSE)))))))),"N/A") -> Used? | K8: =IF(C8="YES",OR(IF(F8="YES",TRUE,FALSE),IF(AND(F8="YES WITH MODIFICATION",NOT(ISBLANK(U8))),TRUE,FALSE),(IF(F8="N/A",NOT(ISBLANK(G8))))),TRUE) -> FALSE | L8: =IF(D8="YES",(IF(F8="YES",TRUE,(IF(F8="YES WITH MODIFICATION",(IF((NOT(ISBLANK(U8))),"Used with modification","Change Request?")),(IF(F8="N/A",(IF((NOT(ISBLANK(G8))),"Not Used","Rationale?")),(IF(F8="<Select>","Used?",FALSE)))))))),"N/A") -> N/A | M8: =IF(D8="YES",OR(IF(F8="YES",TRUE,FALSE),IF(AND(F8="YES WITH MODIFICATION",NOT(ISBLANK(U8))),TRUE,FALSE),(IF(F8="N/A",NOT(ISBLANK(G8))))),TRUE) -> TRUE | N8: =IF(E8="YES",(IF(F8="YES",TRUE,(IF(F8="YES WITH MODIFICATION",(IF((NOT(ISBLANK(U8))),"Used with modification","Change Request?")),(IF(F8="N/A",(IF((NOT(ISBLANK(G8))),"Not Used","Rationale?")),(IF(F8="<Select>","Used?",FALSE)))))))),"N/A") -> Used? | O8: =IF(E8="YES",OR(IF(F8="YES",TRUE,FALSE),IF(AND(F8="YES WITH MODIFICATION",NOT(ISBLANK(U8))),TRUE,FALSE),(IF(F8="N/A",NOT(ISBLANK(G8))))),TRUE) -> FALSE | P8: SC §3.X.X.X | Q8: <Select> | R8: <Select> | S8: <enter location here> | T8: =IF(NOT(OR(F8="Yes",F8="YES WITH MODIFICATION")),"Not Used",(AND(X8=Y8,X8=(OR(Z8=TRUE,AA8=TRUE)), X8=AB8, X8=AC8))) -> Not Used | W8: =IF(T8=TRUE,TRUE,(IF(T8="Not Used", TRUE,FALSE))) -> TRUE | X8: =IF(OR(F8="YES",F8="YES WITH MODIFICATION"),TRUE,"Not Used") -> Not Used | Y8: =IF(OR(P8="SC §3.X.X.X", ISBLANK(P8)),"Not Used", TRUE) -> Not Used | Z8: =IF(OR(Q8="<Select>",(ISBLANK(Q8))),"Not Used",TRUE) -> Not Used | AA8: =IF(OR(R8="<Select>",(ISBLANK(R8))),"Not Used",TRUE) -> Not Used | AB8: =IF(OR(S8="<enter location here>",(ISBLANK(S8))),"Not Used",TRUE) -> Not Used | AC8: =IF(F8="YES WITH MODIFICATION",IF(NOT(ISBLANK(U8)),TRUE,FALSE),TRUE) -> TRUE | AD8: =COUNTIF($X$5:$X$8, "Not Used") -> 4 | AE8: =COUNTIF($X$5:$X$8, "TRUE") -> 0 | AF8: =IF(F8="<Select>", TRUE,FALSE) -> TRUE | AG8: =COUNTIF($AI$5:$AI$727, "TRUE") -> 0 | AH8: Count for Tier 2 MMS CR Identified | AI8: =IF(F8="N/A", TRUE, FALSE) -> FALSE | AJ8: =IF(AI8=TRUE, IF(NOT(ISBLANK(G8)), TRUE, FALSE)) -> FALSE | AK8: =IF(F8="YES WITH MODIFICATION", TRUE, FALSE) -> FALSE | AL8: =IF(ISBLANK(U8), FALSE, TRUE) -> FALSE | AM8: =IF(AND(AK8=TRUE, AL8=TRUE), TRUE, FALSE) -> FALSE | AO8: =IF(AND(F8="YES WITH MODIFICATION", NOT(ISBLANK(U8))), TRUE, FALSE) -> FALSE | AP8: =IF(AND(B8="YES", C8="YES", D8="YES"), "Tier 1 MMS, Tier 1 Sub MMS, Tier 2 MMS", IF(AND(B8="YES", C8="YES"), "Tier 1 MMS, Tier 1 Sub MMS", IF(AND(B8="YES", D8="YES"), "Tier 1 MMS, Tier 2 MMS", IF(AND(C8="YES", D8="YES"), "Tier 1 Sub MMS, Tier 2 MMS", IF(B8="YES", "Tier 1 MMS", IF(C8="YES", "Tier 1 Sub MMS", IF(D8="YES", "Tier 2 MMS", "Not in MMS"))))))) -> Tier 1 MMS, Tier 1 Sub MMS | AQ8: =IF(S8="<enter location here>", FALSE, TRUE) -> FALSE | AR8: =IF(F8="<Select>", FALSE, IF(T8=FALSE, FALSE, TRUE)) -> FALSE | AS8: =IF(ISNUMBER(SEARCH("Tier 1 Sub MMS",AP8)), IF(F8="<Select>", FALSE, IF(AND(F8="N/A", J8="Rationale?"), FALSE, TRUE)), "") -> FALSE | AT8: =IF(ISNUMBER(SEARCH("Tier 1 MMS",AP8)), IF(F8="<Select>", FALSE, IF(AND(F8="N/A", H8="Rationale?"), FALSE, TRUE)), "") -> FALSE | AU8: =IF(ISNUMBER(SEARCH("Tier 1 MMS",AP8)), IF(F8="<Select>", FALSE, IF(AND(F8="YES WITH MODIFICATION", H8="Change Request?"), FALSE, TRUE)), "") -> FALSE | AV8: =IF(ISNUMBER(SEARCH("Tier 1 MMS",AP8)), IF(AK8=TRUE, TRUE, ""),"") | AW8: =IF(ISNUMBER(SEARCH("Tier 1 MMS",AP8)), IF(AL8=TRUE, TRUE, ""),"") | AX8: =IF(ISNUMBER(SEARCH("Tier 1 MMS",AP8)), IF(AI8=TRUE, TRUE, ""),"") | AY8: =IF(ISNUMBER(SEARCH("Tier 1 MMS",AP8)), IF(AJ8=TRUE, TRUE, ""),"") | AZ8: =IF(ISNUMBER(SEARCH("Tier 1 Sub MMS",AP8)), IF(AK8=TRUE, TRUE, ""),"") | BA8: =IF(ISNUMBER(SEARCH("Tier 1 Sub MMS",AP8)), IF(AL8=TRUE, TRUE, ""),"") | BB8: =IF(ISNUMBER(SEARCH("Tier 1 Sub MMS",AP8)), IF(AI8=TRUE, TRUE, ""),"") | BC8: =IF(ISNUMBER(SEARCH("Tier 1 Sub MMS",AP8)), IF(AJ8=TRUE, TRUE, ""),"") | BD8: =IF(ISNUMBER(SEARCH("Tier 2 MMS",AP8)), IF(AK8=TRUE, TRUE, ""),"") | BE8: =IF(ISNUMBER(SEARCH("Tier 2 MMS",AP8)), IF(AL8=TRUE, TRUE, ""),"") | BF8: =IF(ISNUMBER(SEARCH("Tier 2 MMS",AP8)), IF(AI8=TRUE, TRUE, ""),"") | BG8: =IF(ISNUMBER(SEARCH("Tier 2 MMS",AP8)), IF(AJ8=TRUE, TRUE, ""),"") | BH8: =IF(OR(F8="<Select>", AQ8=FALSE), FALSE, TRUE) -> FALSE | BI8: =IF(E8="YES", "", IF(E8="NO", IF(F8="N/A",TRUE,IF(F8="YES",FALSE)))) | BJ8: =IF(E8="YES", "", IF(E8="NO", IF(AND(F8="N/A", NOT(ISBLANK(G8))), TRUE, IF(AND(F8="YES",AL8=TRUE),TRUE,FALSE)))) | BK8: =IF(OR(F8="<Select>", T8=FALSE), FALSE, TRUE) -> FALSE | BM8: Subsystem: 64 (-1)_2 Service: 44 (-1)_2 | BN8: =IF(AH27=0, "N/A", IF(AH27>0, IF(AND(AH27=AH29), TRUE, FALSE))) -> N/A
A9: AMTI_CommandStatus | B9: YES | C9: YES | D9: NO | E9: YES | F9: <Select> | H9: =IF(B9="YES",(IF(F9="Yes",TRUE,(IF(F9="YES WITH MODIFICATION",(IF((NOT(ISBLANK(U9))),"Used with modification","Change Request?")),(IF(F9="N/A",(IF((NOT(ISBLANK(G9))),"Not Used","Rationale?")),(IF(F9="<Select>","Used?",FALSE)))))))),"N/A") -> Used? | I9: =IF(B9="YES",OR(IF(F9="YES",TRUE,FALSE),IF(AND(F9="YES WITH MODIFICATION",NOT(ISBLANK(U9))),TRUE,FALSE),(IF(F9="N/A",NOT(ISBLANK(G9))))),TRUE) -> FALSE | J9: =IF(C9="YES",(IF(F9="YES",TRUE,(IF(F9="YES WITH MODIFICATION",(IF((NOT(ISBLANK(U9))),"Used with modification","Change Request?")),(IF(F9="N/A",(IF((NOT(ISBLANK(G9))),"Not Used","Rationale?")),(IF(F9="<Select>","Used?",FALSE)))))))),"N/A") -> Used? | K9: =IF(C9="YES",OR(IF(F9="YES",TRUE,FALSE),IF(AND(F9="YES WITH MODIFICATION",NOT(ISBLANK(U9))),TRUE,FALSE),(IF(F9="N/A",NOT(ISBLANK(G9))))),TRUE) -> FALSE | L9: =IF(D9="YES",(IF(F9="YES",TRUE,(IF(F9="YES WITH MODIFICATION",(IF((NOT(ISBLANK(U9))),"Used with modification","Change Request?")),(IF(F9="N/A",(IF((NOT(ISBLANK(G9))),"Not Used","Rationale?")),(IF(F9="<Select>","Used?",FALSE)))))))),"N/A") -> N/A | M9: =IF(D9="YES",OR(IF(F9="YES",TRUE,FALSE),IF(AND(F9="YES WITH MODIFICATION",NOT(ISBLANK(U9))),TRUE,FALSE),(IF(F9="N/A",NOT(ISBLANK(G9))))),TRUE) -> TRUE | N9: =IF(E9="YES",(IF(F9="YES",TRUE,(IF(F9="YES WITH MODIFICATION",(IF((NOT(ISBLANK(U9))),"Used with modification","Change Request?")),(IF(F9="N/A",(IF((NOT(ISBLANK(G9))),"Not Used","Rationale?")),(IF(F9="<Select>","Used?",FALSE)))))))),"N/A") -> Used? | O9: =IF(E9="YES",OR(IF(F9="YES",TRUE,FALSE),IF(AND(F9="YES WITH MODIFICATION",NOT(ISBLANK(U9))),TRUE,FALSE),(IF(F9="N/A",NOT(ISBLANK(G9))))),TRUE) -> FALSE | P9: SC §3.X.X.X | Q9: <Select> | R9: <Select> | S9: <enter location here> | T9: =IF(NOT(OR(F9="Yes",F9="YES WITH MODIFICATION")),"Not Used",(AND(X9=Y9,X9=(OR(Z9=TRUE,AA9=TRUE)), X9=AB9, X9=AC9))) -> Not Used | W9: =IF(T9=TRUE,TRUE,(IF(T9="Not Used", TRUE,FALSE))) -> TRUE | X9: =IF(OR(F9="YES",F9="YES WITH MODIFICATION"),TRUE,"Not Used") -> Not Used | Y9: =IF(OR(P9="SC §3.X.X.X", ISBLANK(P9)),"Not Used", TRUE) -> Not Used | Z9: =IF(OR(Q9="<Select>",(ISBLANK(Q9))),"Not Used",TRUE) -> Not Used | AA9: =IF(OR(R9="<Select>",(ISBLANK(R9))),"Not Used",TRUE) -> Not Used | AB9: =IF(OR(S9="<enter location here>",(ISBLANK(S9))),"Not Used",TRUE) -> Not Used | AC9: =IF(F9="YES WITH MODIFICATION",IF(NOT(ISBLANK(U9)),TRUE,FALSE),TRUE) -> TRUE | AD9: =COUNTIF($X$5:$X$9, "Not Used") -> 5 | AE9: =COUNTIF($X$5:$X$9, "TRUE") -> 0 | AF9: =IF(F9="<Select>", TRUE,FALSE) -> TRUE | AG9: Count for "N/A" Rationale Entered | AH9: =COUNTIF($BE$5:$BE$727, "TRUE") -> 0 | AI9: =IF(F9="N/A", TRUE, FALSE) -> FALSE | AJ9: =IF(AI9=TRUE, IF(NOT(ISBLANK(G9)), TRUE, FALSE)) -> FALSE | AK9: =IF(F9="YES WITH MODIFICATION", TRUE, FALSE) -> FALSE | AL9: =IF(ISBLANK(U9), FALSE, TRUE) -> FALSE | AM9: =IF(AND(AK9=TRUE, AL9=TRUE), TRUE, FALSE) -> FALSE | AO9: =IF(AND(F9="YES WITH MODIFICATION", NOT(ISBLANK(U9))), TRUE, FALSE) -> FALSE | AP9: =IF(AND(B9="YES", C9="YES", D9="YES"), "Tier 1 MMS, Tier 1 Sub MMS, Tier 2 MMS", IF(AND(B9="YES", C9="YES"), "Tier 1 MMS, Tier 1 Sub MMS", IF(AND(B9="YES", D9="YES"), "Tier 1 MMS, Tier 2 MMS", IF(AND(C9="YES", D9="YES"), "Tier 1 Sub MMS, Tier 2 MMS", IF(B9="YES", "Tier 1 MMS", IF(C9="YES", "Tier 1 Sub MMS", IF(D9="YES", "Tier 2 MMS", "Not in MMS"))))))) -> Tier 1 MMS, Tier 1 Sub MMS | AQ9: =IF(S9="<enter location here>", FALSE, TRUE) -> FALSE | AR9: =IF(F9="<Select>", FALSE, IF(T9=FALSE, FALSE, TRUE)) -> FALSE | AS9: =IF(ISNUMBER(SEARCH("Tier 1 Sub MMS",AP9)), IF(F9="<Select>", FALSE, IF(AND(F9="N/A", J9="Rationale?"), FALSE, TRUE)), "") -> FALSE | AT9: =IF(ISNUMBER(SEARCH("Tier 1 MMS",AP9)), IF(F9="<Select>", FALSE, IF(AND(F9="N/A", H9="Rationale?"), FALSE, TRUE)), "") -> FALSE | AU9: =IF(ISNUMBER(SEARCH("Tier 1 MMS",AP9)), IF(F9="<Select>", FALSE, IF(AND(F9="YES WITH MODIFICATION", H9="Change Request?"), FALSE, TRUE)), "") -> FALSE | AV9: =IF(ISNUMBER(SEARCH("Tier 1 MMS",AP9)), IF(AK9=TRUE, TRUE, ""),"") | AW9: =IF(ISNUMBER(SEARCH("Tier 1 MMS",AP9)), IF(AL9=TRUE, TRUE, ""),"") | AX9: =IF(ISNUMBER(SEARCH("Tier 1 MMS",AP9)), IF(AI9=TRUE, TRUE, ""),"") | AY9: =IF(ISNUMBER(SEARCH("Tier 1 MMS",AP9)), IF(AJ9=TRUE, TRUE, ""),"") | AZ9: =IF(ISNUMBER(SEARCH("Tier 1 Sub MMS",AP9)), IF(AK9=TRUE, TRUE, ""),"") | BA9: =IF(ISNUMBER(SEARCH("Tier 1 Sub MMS",AP9)), IF(AL9=TRUE, TRUE, ""),"") | BB9: =IF(ISNUMBER(SEARCH("Tier 1 Sub MMS",AP9)), IF(AI9=TRUE, TRUE, ""),"") | BC9: =IF(ISNUMBER(SEARCH("Tier 1 Sub MMS",AP9)), IF(AJ9=TRUE, TRUE, ""),"") | BD9: =IF(ISNUMBER(SEARCH("Tier 2 MMS",AP9)), IF(AK9=TRUE, TRUE, ""),"") | BE9: =IF(ISNUMBER(SEARCH("Tier 2 MMS",AP9)), IF(AL9=TRUE, TRUE, ""),"") | BF9: =IF(ISNUMBER(SEARCH("Tier 2 MMS",AP9)), IF(AI9=TRUE, TRUE, ""),"") | BG9: =IF(ISNUMBER(SEARCH("Tier 2 MMS",AP9)), IF(AJ9=TRUE, TRUE, ""),"") | BH9: =IF(OR(F9="<Select>", AQ9=FALSE), FALSE, TRUE) -> FALSE | BI9: =IF(E9="YES", "", IF(E9="NO", IF(F9="N/A",TRUE,IF(F9="YES",FALSE)))) | BJ9: =IF(E9="YES", "", IF(E9="NO", IF(AND(F9="N/A", NOT(ISBLANK(G9))), TRUE, IF(AND(F9="YES",AL9=TRUE),TRUE,FALSE)))) | BK9: =IF(OR(F9="<Select>", T9=FALSE), FALSE, TRUE) -> FALSE | BM9: Subsystem: 64 (-1)_3 Subsystem: 64 (-1)_4 Service: 44 (-1)_3 | BN9: =IF(AH23=0, "N/A", IF(AH23>0, IF(AND(AH23=AH25), TRUE, FALSE))) -> N/A
A10: AMTI_SettingsCommand | B10: YES | C10: NO | D10: NO | E10: YES | F10: <Select> | H10: =IF(B10="YES",(IF(F10="Yes",TRUE,(IF(F10="YES WITH MODIFICATION",(IF((NOT(ISBLANK(U10))),"Used with modification","Change Request?")),(IF(F10="N/A",(IF((NOT(ISBLANK(G10))),"Not Used","Rationale?")),(IF(F10="<Select>","Used?",FALSE)))))))),"N/A") -> Used? | I10: =IF(B10="YES",OR(IF(F10="YES",TRUE,FALSE),IF(AND(F10="YES WITH MODIFICATION",NOT(ISBLANK(U10))),TRUE,FALSE),(IF(F10="N/A",NOT(ISBLANK(G10))))),TRUE) -> FALSE | J10: =IF(C10="YES",(IF(F10="YES",TRUE,(IF(F10="YES WITH MODIFICATION",(IF((NOT(ISBLANK(U10))),"Used with modification","Change Request?")),(IF(F10="N/A",(IF((NOT(ISBLANK(G10))),"Not Used","Rationale?")),(IF(F10="<Select>","Used?",FALSE)))))))),"N/A") -> N/A | K10: =IF(C10="YES",OR(IF(F10="YES",TRUE,FALSE),IF(AND(F10="YES WITH MODIFICATION",NOT(ISBLANK(U10))),TRUE,FALSE),(IF(F10="N/A",NOT(ISBLANK(G10))))),TRUE) -> TRUE | L10: =IF(D10="YES",(IF(F10="YES",TRUE,(IF(F10="YES WITH MODIFICATION",(IF((NOT(ISBLANK(U10))),"Used with modification","Change Request?")),(IF(F10="N/A",(IF((NOT(ISBLANK(G10))),"Not Used","Rationale?")),(IF(F10="<Select>","Used?",FALSE)))))))),"N/A") -> N/A | M10: =IF(D10="YES",OR(IF(F10="YES",TRUE,FALSE),IF(AND(F10="YES WITH MODIFICATION",NOT(ISBLANK(U10))),TRUE,FALSE),(IF(F10="N/A",NOT(ISBLANK(G10))))),TRUE) -> TRUE | N10: =IF(E10="YES",(IF(F10="YES",TRUE,(IF(F10="YES WITH MODIFICATION",(IF((NOT(ISBLANK(U10))),"Used with modification","Change Request?")),(IF(F10="N/A",(IF((NOT(ISBLANK(G10))),"Not Used","Rationale?")),(IF(F10="<Select>","Used?",FALSE)))))))),"N/A") -> Used? | O10: =IF(E10="YES",OR(IF(F10="YES",TRUE,FALSE),IF(AND(F10="YES WITH MODIFICATION",NOT(ISBLANK(U10))),TRUE,FALSE),(IF(F10="N/A",NOT(ISBLANK(G10))))),TRUE) -> FALSE | P10: SC §3.X.X.X | Q10: <Select> | R10: <Select> | S10: <enter location here> | T10: =IF(NOT(OR(F10="Yes",F10="YES WITH MODIFICATION")),"Not Used",(AND(X10=Y10,X10=(OR(Z10=TRUE,AA10=TRUE)), X10=AB10, X10=AC10))) -> Not Used | W10: =IF(T10=TRUE,TRUE,(IF(T10="Not Used", TRUE,FALSE))) -> TRUE | X10: =IF(OR(F10="YES",F10="YES WITH MODIFICATION"),TRUE,"Not Used") -> Not Used | Y10: =IF(OR(P10="SC §3.X.X.X", ISBLANK(P10)),"Not Used", TRUE) -> Not Used | Z10: =IF(OR(Q10="<Select>",(ISBLANK(Q10))),"Not Used",TRUE) -> Not Used | AA10: =IF(OR(R10="<Select>",(ISBLANK(R10))),"Not Used",TRUE) -> Not Used | AB10: =IF(OR(S10="<enter location here>",(ISBLANK(S10))),"Not Used",TRUE) -> Not Used | AC10: =IF(F10="YES WITH MODIFICATION",IF(NOT(ISBLANK(U10)),TRUE,FALSE),TRUE) -> TRUE | AD10: =COUNTIF($X$5:$X$10, "Not Used") -> 6 | AE10: =COUNTIF($X$5:$X$10, "TRUE") -> 0 | AF10: =IF(F10="<Select>", TRUE,FALSE) -> TRUE | AG10: =COUNTIF($AJ$5:$AJ$727, "TRUE") -> 0 | AH10: Count for Tier 2 MMS "N/A" entered | AI10: =IF(F10="N/A", TRUE, FALSE) -> FALSE | AJ10: =IF(AI10=TRUE, IF(NOT(ISBLANK(G10)), TRUE, FALSE)) -> FALSE | AK10: =IF(F10="YES WITH MODIFICATION", TRUE, FALSE) -> FALSE | AL10: =IF(ISBLANK(U10), FALSE, TRUE) -> FALSE | AM10: =IF(AND(AK10=TRUE, AL10=TRUE), TRUE, FALSE) -> FALSE | AO10: =IF(AND(F10="YES WITH MODIFICATION", NOT(ISBLANK(U10))), TRUE, FALSE) -> FALSE | AP10: =IF(AND(B10="YES", C10="YES", D10="YES"), "Tier 1 MMS, Tier 1 Sub MMS, Tier 2 MMS", IF(AND(B10="YES", C10="YES"), "Tier 1 MMS, Tier 1 Sub MMS", IF(AND(B10="YES", D10="YES"), "Tier 1 MMS, Tier 2 MMS", IF(AND(C10="YES", D10="YES"), "Tier 1 Sub MMS, Tier 2 MMS", IF(B10="YES", "Tier 1 MMS", IF(C10="YES", "Tier 1 Sub MMS", IF(D10="YES", "Tier 2 MMS", "Not in MMS"))))))) -> Tier 1 MMS | AQ10: =IF(S10="<enter location here>", FALSE, TRUE) -> FALSE | AR10: =IF(F10="<Select>", FALSE, IF(T10=FALSE, FALSE, TRUE)) -> FALSE | AS10: =IF(ISNUMBER(SEARCH("Tier 1 Sub MMS",AP10)), IF(F10="<Select>", FALSE, IF(AND(F10="N/A", J10="Rationale?"), FALSE, TRUE)), "") | AT10: =IF(ISNUMBER(SEARCH("Tier 1 MMS",AP10)), IF(F10="<Select>", FALSE, IF(AND(F10="N/A", H10="Rationale?"), FALSE, TRUE)), "") -> FALSE | AU10: =IF(ISNUMBER(SEARCH("Tier 1 MMS",AP10)), IF(F10="<Select>", FALSE, IF(AND(F10="YES WITH MODIFICATION", H10="Change Request?"), FALSE, TRUE)), "") -> FALSE | AV10: =IF(ISNUMBER(SEARCH("Tier 1 MMS",AP10)), IF(AK10=TRUE, TRUE, ""),"") | AW10: =IF(ISNUMBER(SEARCH("Tier 1 MMS",AP10)), IF(AL10=TRUE, TRUE, ""),"") | AX10: =IF(ISNUMBER(SEARCH("Tier 1 MMS",AP10)), IF(AI10=TRUE, TRUE, ""),"") | AY10: =IF(ISNUMBER(SEARCH("Tier 1 MMS",AP10)), IF(AJ10=TRUE, TRUE, ""),"") | AZ10: =IF(ISNUMBER(SEARCH("Tier 1 Sub MMS",AP10)), IF(AK10=TRUE, TRUE, ""),"") | BA10: =IF(ISNUMBER(SEARCH("Tier 1 Sub MMS",AP10)), IF(AL10=TRUE, TRUE, ""),"") | BB10: =IF(ISNUMBER(SEARCH("Tier 1 Sub MMS",AP10)), IF(AI10=TRUE, TRUE, ""),"") | BC10: =IF(ISNUMBER(SEARCH("Tier 1 Sub MMS",AP10)), IF(AJ10=TRUE, TRUE, ""),"") | BD10: =IF(ISNUMBER(SEARCH("Tier 2 MMS",AP10)), IF(AK10=TRUE, TRUE, ""),"") | BE10: =IF(ISNUMBER(SEARCH("Tier 2 MMS",AP10)), IF(AL10=TRUE, TRUE, ""),"") | BF10: =IF(ISNUMBER(SEARCH("Tier 2 MMS",AP10)), IF(AI10=TRUE, TRUE, ""),"") | BG10: =IF(ISNUMBER(SEARCH("Tier 2 MMS",AP10)), IF(AJ10=TRUE, TRUE, ""),"") | BH10: =IF(OR(F10="<Select>", AQ10=FALSE), FALSE, TRUE) -> FALSE | BI10: =IF(E10="YES", "", IF(E10="NO", IF(F10="N/A",TRUE,IF(F10="YES",FALSE)))) | BJ10: =IF(E10="YES", "", IF(E10="NO", IF(AND(F10="N/A", NOT(ISBLANK(G10))), TRUE, IF(AND(F10="YES",AL10=TRUE),TRUE,FALSE)))) | BK10: =IF(OR(F10="<Select>", T10=FALSE), FALSE, TRUE) -> FALSE | BM10: Subsystem: 70 (-1)_1 Service: 51 (-1)_1 | BN10: =L2 -> FALSE
A11: AMTI_SettingsCommandStatus | B11: YES | C11: NO | D11: NO | E11: YES | F11: <Select> | H11: =IF(B11="YES",(IF(F11="Yes",TRUE,(IF(F11="YES WITH MODIFICATION",(IF((NOT(ISBLANK(U11))),"Used with modification","Change Request?")),(IF(F11="N/A",(IF((NOT(ISBLANK(G11))),"Not Used","Rationale?")),(IF(F11="<Select>","Used?",FALSE)))))))),"N/A") -> Used? | I11: =IF(B11="YES",OR(IF(F11="YES",TRUE,FALSE),IF(AND(F11="YES WITH MODIFICATION",NOT(ISBLANK(U11))),TRUE,FALSE),(IF(F11="N/A",NOT(ISBLANK(G11))))),TRUE) -> FALSE | J11: =IF(C11="YES",(IF(F11="YES",TRUE,(IF(F11="YES WITH MODIFICATION",(IF((NOT(ISBLANK(U11))),"Used with modification","Change Request?")),(IF(F11="N/A",(IF((NOT(ISBLANK(G11))),"Not Used","Rationale?")),(IF(F11="<Select>","Used?",FALSE)))))))),"N/A") -> N/A | K11: =IF(C11="YES",OR(IF(F11="YES",TRUE,FALSE),IF(AND(F11="YES WITH MODIFICATION",NOT(ISBLANK(U11))),TRUE,FALSE),(IF(F11="N/A",NOT(ISBLANK(G11))))),TRUE) -> TRUE | L11: =IF(D11="YES",(IF(F11="YES",TRUE,(IF(F11="YES WITH MODIFICATION",(IF((NOT(ISBLANK(U11))),"Used with modification","Change Request?")),(IF(F11="N/A",(IF((NOT(ISBLANK(G11))),"Not Used","Rationale?")),(IF(F11="<Select>","Used?",FALSE)))))))),"N/A") -> N/A | M11: =IF(D11="YES",OR(IF(F11="YES",TRUE,FALSE),IF(AND(F11="YES WITH MODIFICATION",NOT(ISBLANK(U11))),TRUE,FALSE),(IF(F11="N/A",NOT(ISBLANK(G11))))),TRUE) -> TRUE | N11: =IF(E11="YES",(IF(F11="YES",TRUE,(IF(F11="YES WITH MODIFICATION",(IF((NOT(ISBLANK(U11))),"Used with modification","Change Request?")),(IF(F11="N/A",(IF((NOT(ISBLANK(G11))),"Not Used","Rationale?")),(IF(F11="<Select>","Used?",FALSE)))))))),"N/A") -> Used? | O11: =IF(E11="YES",OR(IF(F11="YES",TRUE,FALSE),IF(AND(F11="YES WITH MODIFICATION",NOT(ISBLANK(U11))),TRUE,FALSE),(IF(F11="N/A",NOT(ISBLANK(G11))))),TRUE) -> FALSE | P11: SC §3.X.X.X | Q11: <Select> | R11: <Select> | S11: <enter location here> | T11: =IF(NOT(OR(F11="Yes",F11="YES WITH MODIFICATION")),"Not Used",(AND(X11=Y11,X11=(OR(Z11=TRUE,AA11=TRUE)), X11=AB11, X11=AC11))) -> Not Used | W11: =IF(T11=TRUE,TRUE,(IF(T11="Not Used", TRUE,FALSE))) -> TRUE | X11: =IF(OR(F11="YES",F11="YES WITH MODIFICATION"),TRUE,"Not Used") -> Not Used | Y11: =IF(OR(P11="SC §3.X.X.X", ISBLANK(P11)),"Not Used", TRUE) -> Not Used | Z11: =IF(OR(Q11="<Select>",(ISBLANK(Q11))),"Not Used",TRUE) -> Not Used | AA11: =IF(OR(R11="<Select>",(ISBLANK(R11))),"Not Used",TRUE) -> Not Used | AB11: =IF(OR(S11="<enter location here>",(ISBLANK(S11))),"Not Used",TRUE) -> Not Used | AC11: =IF(F11="YES WITH MODIFICATION",IF(NOT(ISBLANK(U11)),TRUE,FALSE),TRUE) -> TRUE | AD11: =COUNTIF($X$5:$X$11, "Not Used") -> 7 | AE11: =COUNTIF($X$5:$X$11, "TRUE") -> 0 | AF11: =IF(F11="<Select>", TRUE,FALSE) -> TRUE | AH11: =COUNTIF($BF$5:$BF$727, "TRUE") -> 0 | AI11: =IF(F11="N/A", TRUE, FALSE) -> FALSE | AJ11: =IF(AI11=TRUE, IF(NOT(ISBLANK(G11)), TRUE, FALSE)) -> FALSE | AK11: =IF(F11="YES WITH MODIFICATION", TRUE, FALSE) -> FALSE | AL11: =IF(ISBLANK(U11), FALSE, TRUE) -> FALSE | AM11: =IF(AND(AK11=TRUE, AL11=TRUE), TRUE, FALSE) -> FALSE | AO11: =IF(AND(F11="YES WITH MODIFICATION", NOT(ISBLANK(U11))), TRUE, FALSE) -> FALSE | AP11: =IF(AND(B11="YES", C11="YES", D11="YES"), "Tier 1 MMS, Tier 1 Sub MMS, Tier 2 MMS", IF(AND(B11="YES", C11="YES"), "Tier 1 MMS, Tier 1 Sub MMS", IF(AND(B11="YES", D11="YES"), "Tier 1 MMS, Tier 2 MMS", IF(AND(C11="YES", D11="YES"), "Tier 1 Sub MMS, Tier 2 MMS", IF(B11="YES", "Tier 1 MMS", IF(C11="YES", "Tier 1 Sub MMS", IF(D11="YES", "Tier 2 MMS", "Not in MMS"))))))) -> Tier 1 MMS | AQ11: =IF(S11="<enter location here>", FALSE, TRUE) -> FALSE | AR11: =IF(F11="<Select>", FALSE, IF(T11=FALSE, FALSE, TRUE)) -> FALSE | AS11: =IF(ISNUMBER(SEARCH("Tier 1 Sub MMS",AP11)), IF(F11="<Select>", FALSE, IF(AND(F11="N/A", J11="Rationale?"), FALSE, TRUE)), "") | AT11: =IF(ISNUMBER(SEARCH("Tier 1 MMS",AP11)), IF(F11="<Select>", FALSE, IF(AND(F11="N/A", H11="Rationale?"), FALSE, TRUE)), "") -> FALSE | AU11: =IF(ISNUMBER(SEARCH("Tier 1 MMS",AP11)), IF(F11="<Select>", FALSE, IF(AND(F11="YES WITH MODIFICATION", H11="Change Request?"), FALSE, TRUE)), "") -> FALSE | AV11: =IF(ISNUMBER(SEARCH("Tier 1 MMS",AP11)), IF(AK11=TRUE, TRUE, ""),"") | AW11: =IF(ISNUMBER(SEARCH("Tier 1 MMS",AP11)), IF(AL11=TRUE, TRUE, ""),"") | AX11: =IF(ISNUMBER(SEARCH("Tier 1 MMS",AP11)), IF(AI11=TRUE, TRUE, ""),"") | AY11: =IF(ISNUMBER(SEARCH("Tier 1 MMS",AP11)), IF(AJ11=TRUE, TRUE, ""),"") | AZ11: =IF(ISNUMBER(SEARCH("Tier 1 Sub MMS",AP11)), IF(AK11=TRUE, TRUE, ""),"") | BA11: =IF(ISNUMBER(SEARCH("Tier 1 Sub MMS",AP11)), IF(AL11=TRUE, TRUE, ""),"") | BB11: =IF(ISNUMBER(SEARCH("Tier 1 Sub MMS",AP11)), IF(AI11=TRUE, TRUE, ""),"") | BC11: =IF(ISNUMBER(SEARCH("Tier 1 Sub MMS",AP11)), IF(AJ11=TRUE, TRUE, ""),"") | BD11: =IF(ISNUMBER(SEARCH("Tier 2 MMS",AP11)), IF(AK11=TRUE, TRUE, ""),"") | BE11: =IF(ISNUMBER(SEARCH("Tier 2 MMS",AP11)), IF(AL11=TRUE, TRUE, ""),"") | BF11: =IF(ISNUMBER(SEARCH("Tier 2 MMS",AP11)), IF(AI11=TRUE, TRUE, ""),"") | BG11: =IF(ISNUMBER(SEARCH("Tier 2 MMS",AP11)), IF(AJ11=TRUE, TRUE, ""),"") | BH11: =IF(OR(F11="<Select>", AQ11=FALSE), FALSE, TRUE) -> FALSE | BI11: =IF(E11="YES", "", IF(E11="NO", IF(F11="N/A",TRUE,IF(F11="YES",FALSE)))) | BJ11: =IF(E11="YES", "", IF(E11="NO", IF(AND(F11="N/A", NOT(ISBLANK(G11))), TRUE, IF(AND(F11="YES",AL11=TRUE),TRUE,FALSE)))) | BK11: =IF(OR(F11="<Select>", T11=FALSE), FALSE, TRUE) -> FALSE | BM11: Subsystem: 70 (-1)_2 Service: 51 (-1)_2 | BN11: =IF(AH11=0, "N/A", IF(AH11>0, IF(AND(AH11=AH13), TRUE, FALSE))) -> N/A
A12: AO_Activity | B12: YES | C12: YES | D12: NO | E12: YES | F12: <Select> | H12: =IF(B12="YES",(IF(F12="Yes",TRUE,(IF(F12="YES WITH MODIFICATION",(IF((NOT(ISBLANK(U12))),"Used with modification","Change Request?")),(IF(F12="N/A",(IF((NOT(ISBLANK(G12))),"Not Used","Rationale?")),(IF(F12="<Select>","Used?",FALSE)))))))),"N/A") -> Used? | I12: =IF(B12="YES",OR(IF(F12="YES",TRUE,FALSE),IF(AND(F12="YES WITH MODIFICATION",NOT(ISBLANK(U12))),TRUE,FALSE),(IF(F12="N/A",NOT(ISBLANK(G12))))),TRUE) -> FALSE | J12: =IF(C12="YES",(IF(F12="YES",TRUE,(IF(F12="YES WITH MODIFICATION",(IF((NOT(ISBLANK(U12))),"Used with modification","Change Request?")),(IF(F12="N/A",(IF((NOT(ISBLANK(G12))),"Not Used","Rationale?")),(IF(F12="<Select>","Used?",FALSE)))))))),"N/A") -> Used? | K12: =IF(C12="YES",OR(IF(F12="YES",TRUE,FALSE),IF(AND(F12="YES WITH MODIFICATION",NOT(ISBLANK(U12))),TRUE,FALSE),(IF(F12="N/A",NOT(ISBLANK(G12))))),TRUE) -> FALSE | L12: =IF(D12="YES",(IF(F12="YES",TRUE,(IF(F12="YES WITH MODIFICATION",(IF((NOT(ISBLANK(U12))),"Used with modification","Change Request?")),(IF(F12="N/A",(IF((NOT(ISBLANK(G12))),"Not Used","Rationale?")),(IF(F12="<Select>","Used?",FALSE)))))))),"N/A") -> N/A | M12: =IF(D12="YES",OR(IF(F12="YES",TRUE,FALSE),IF(AND(F12="YES WITH MODIFICATION",NOT(ISBLANK(U12))),TRUE,FALSE),(IF(F12="N/A",NOT(ISBLANK(G12))))),TRUE) -> TRUE | N12: =IF(E12="YES",(IF(F12="YES",TRUE,(IF(F12="YES WITH MODIFICATION",(IF((NOT(ISBLANK(U12))),"Used with modification","Change Request?")),(IF(F12="N/A",(IF((NOT(ISBLANK(G12))),"Not Used","Rationale?")),(IF(F12="<Select>","Used?",FALSE)))))))),"N/A") -> Used? | O12: =IF(E12="YES",OR(IF(F12="YES",TRUE,FALSE),IF(AND(F12="YES WITH MODIFICATION",NOT(ISBLANK(U12))),TRUE,FALSE),(IF(F12="N/A",NOT(ISBLANK(G12))))),TRUE) -> FALSE | P12: SC §3.X.X.X | Q12: <Select> | R12: <Select> | S12: <enter location here> | T12: =IF(NOT(OR(F12="Yes",F12="YES WITH MODIFICATION")),"Not Used",(AND(X12=Y12,X12=(OR(Z12=TRUE,AA12=TRUE)), X12=AB12, X12=AC12))) -> Not Used | W12: =IF(T12=TRUE,TRUE,(IF(T12="Not Used", TRUE,FALSE))) -> TRUE | X12: =IF(OR(F12="YES",F12="YES WITH MODIFICATION"),TRUE,"Not Used") -> Not Used | Y12: =IF(OR(P12="SC §3.X.X.X", ISBLANK(P12)),"Not Used", TRUE) -> Not Used | Z12: =IF(OR(Q12="<Select>",(ISBLANK(Q12))),"Not Used",TRUE) -> Not Used | AA12: =IF(OR(R12="<Select>",(ISBLANK(R12))),"Not Used",TRUE) -> Not Used | AB12: =IF(OR(S12="<enter location here>",(ISBLANK(S12))),"Not Used",TRUE) -> Not Used | AC12: =IF(F12="YES WITH MODIFICATION",IF(NOT(ISBLANK(U12)),TRUE,FALSE),TRUE) -> TRUE | AD12: =COUNTIF($X$5:$X$12, "Not Used") -> 8 | AE12: =COUNTIF($X$5:$X$12, "TRUE") -> 0 | AF12: =IF(F12="<Select>", TRUE,FALSE) -> TRUE | AH12: Count for Tier 2 MMS "N/A" with Rationale entered | AI12: =IF(F12="N/A", TRUE, FALSE) -> FALSE | AJ12: =IF(AI12=TRUE, IF(NOT(ISBLANK(G12)), TRUE, FALSE)) -> FALSE | AK12: =IF(F12="YES WITH MODIFICATION", TRUE, FALSE) -> FALSE | AL12: =IF(ISBLANK(U12), FALSE, TRUE) -> FALSE | AM12: =IF(AND(AK12=TRUE, AL12=TRUE), TRUE, FALSE) -> FALSE | AO12: =IF(AND(F12="YES WITH MODIFICATION", NOT(ISBLANK(U12))), TRUE, FALSE) -> FALSE | AP12: =IF(AND(B12="YES", C12="YES", D12="YES"), "Tier 1 MMS, Tier 1 Sub MMS, Tier 2 MMS", IF(AND(B12="YES", C12="YES"), "Tier 1 MMS, Tier 1 Sub MMS", IF(AND(B12="YES", D12="YES"), "Tier 1 MMS, Tier 2 MMS", IF(AND(C12="YES", D12="YES"), "Tier 1 Sub MMS, Tier 2 MMS", IF(B12="YES", "Tier 1 MMS", IF(C12="YES", "Tier 1 Sub MMS", IF(D12="YES", "Tier 2 MMS", "Not in MMS"))))))) -> Tier 1 MMS, Tier 1 Sub MMS | AQ12: =IF(S12="<enter location here>", FALSE, TRUE) -> FALSE | AR12: =IF(F12="<Select>", FALSE, IF(T12=FALSE, FALSE, TRUE)) -> FALSE | AS12: =IF(ISNUMBER(SEARCH("Tier 1 Sub MMS",AP12)), IF(F12="<Select>", FALSE, IF(AND(F12="N/A", J12="Rationale?"), FALSE, TRUE)), "") -> FALSE | AT12: =IF(ISNUMBER(SEARCH("Tier 1 MMS",AP12)), IF(F12="<Select>", FALSE, IF(AND(F12="N/A", H12="Rationale?"), FALSE, TRUE)), "") -> FALSE | AU12: =IF(ISNUMBER(SEARCH("Tier 1 MMS",AP12)), IF(F12="<Select>", FALSE, IF(AND(F12="YES WITH MODIFICATION", H12="Change Request?"), FALSE, TRUE)), "") -> FALSE | AV12: =IF(ISNUMBER(SEARCH("Tier 1 MMS",AP12)), IF(AK12=TRUE, TRUE, ""),"") | AW12: =IF(ISNUMBER(SEARCH("Tier 1 MMS",AP12)), IF(AL12=TRUE, TRUE, ""),"") | AX12: =IF(ISNUMBER(SEARCH("Tier 1 MMS",AP12)), IF(AI12=TRUE, TRUE, ""),"") | AY12: =IF(ISNUMBER(SEARCH("Tier 1 MMS",AP12)), IF(AJ12=TRUE, TRUE, ""),"") | AZ12: =IF(ISNUMBER(SEARCH("Tier 1 Sub MMS",AP12)), IF(AK12=TRUE, TRUE, ""),"") | BA12: =IF(ISNUMBER(SEARCH("Tier 1 Sub MMS",AP12)), IF(AL12=TRUE, TRUE, ""),"") | BB12: =IF(ISNUMBER(SEARCH("Tier 1 Sub MMS",AP12)), IF(AI12=TRUE, TRUE, ""),"") | BC12: =IF(ISNUMBER(SEARCH("Tier 1 Sub MMS",AP12)), IF(AJ12=TRUE, TRUE, ""),"") | BD12: =IF(ISNUMBER(SEARCH("Tier 2 MMS",AP12)), IF(AK12=TRUE, TRUE, ""),"") | BE12: =IF(ISNUMBER(SEARCH("Tier 2 MMS",AP12)), IF(AL12=TRUE, TRUE, ""),"") | BF12: =IF(ISNUMBER(SEARCH("Tier 2 MMS",AP12)), IF(AI12=TRUE, TRUE, ""),"") | BG12: =IF(ISNUMBER(SEARCH("Tier 2 MMS",AP12)), IF(AJ12=TRUE, TRUE, ""),"") | BH12: =IF(OR(F12="<Select>", AQ12=FALSE), FALSE, TRUE) -> FALSE | BI12: =IF(E12="YES", "", IF(E12="NO", IF(F12="N/A",TRUE,IF(F12="YES",FALSE)))) | BJ12: =IF(E12="YES", "", IF(E12="NO", IF(AND(F12="N/A", NOT(ISBLANK(G12))), TRUE, IF(AND(F12="YES",AL12=TRUE),TRUE,FALSE)))) | BK12: =IF(OR(F12="<Select>", T12=FALSE), FALSE, TRUE) -> FALSE | BM12: Subsystem: 70 (-1)_3 Subsystem: 70 (-1)_4 Service: 51 (-1)_3 Service: 51 (-1)_4 | BN12: =IF(AH7=0, "N/A", IF(AH7>0, IF(AND(AH7=AH9), TRUE, FALSE))) -> N/A
A13: AO_Capability | B13: YES | C13: YES | D13: NO | E13: YES | F13: <Select> | H13: =IF(B13="YES",(IF(F13="Yes",TRUE,(IF(F13="YES WITH MODIFICATION",(IF((NOT(ISBLANK(U13))),"Used with modification","Change Request?")),(IF(F13="N/A",(IF((NOT(ISBLANK(G13))),"Not Used","Rationale?")),(IF(F13="<Select>","Used?",FALSE)))))))),"N/A") -> Used? | I13: =IF(B13="YES",OR(IF(F13="YES",TRUE,FALSE),IF(AND(F13="YES WITH MODIFICATION",NOT(ISBLANK(U13))),TRUE,FALSE),(IF(F13="N/A",NOT(ISBLANK(G13))))),TRUE) -> FALSE | J13: =IF(C13="YES",(IF(F13="YES",TRUE,(IF(F13="YES WITH MODIFICATION",(IF((NOT(ISBLANK(U13))),"Used with modification","Change Request?")),(IF(F13="N/A",(IF((NOT(ISBLANK(G13))),"Not Used","Rationale?")),(IF(F13="<Select>","Used?",FALSE)))))))),"N/A") -> Used? | K13: =IF(C13="YES",OR(IF(F13="YES",TRUE,FALSE),IF(AND(F13="YES WITH MODIFICATION",NOT(ISBLANK(U13))),TRUE,FALSE),(IF(F13="N/A",NOT(ISBLANK(G13))))),TRUE) -> FALSE | L13: =IF(D13="YES",(IF(F13="YES",TRUE,(IF(F13="YES WITH MODIFICATION",(IF((NOT(ISBLANK(U13))),"Used with modification","Change Request?")),(IF(F13="N/A",(IF((NOT(ISBLANK(G13))),"Not Used","Rationale?")),(IF(F13="<Select>","Used?",FALSE)))))))),"N/A") -> N/A | M13: =IF(D13="YES",OR(IF(F13="YES",TRUE,FALSE),IF(AND(F13="YES WITH MODIFICATION",NOT(ISBLANK(U13))),TRUE,FALSE),(IF(F13="N/A",NOT(ISBLANK(G13))))),TRUE) -> TRUE | N13: =IF(E13="YES",(IF(F13="YES",TRUE,(IF(F13="YES WITH MODIFICATION",(IF((NOT(ISBLANK(U13))),"Used with modification","Change Request?")),(IF(F13="N/A",(IF((NOT(ISBLANK(G13))),"Not Used","Rationale?")),(IF(F13="<Select>","Used?",FALSE)))))))),"N/A") -> Used? | O13: =IF(E13="YES",OR(IF(F13="YES",TRUE,FALSE),IF(AND(F13="YES WITH MODIFICATION",NOT(ISBLANK(U13))),TRUE,FALSE),(IF(F13="N/A",NOT(ISBLANK(G13))))),TRUE) -> FALSE | P13: SC §3.X.X.X | Q13: <Select> | R13: <Select> | S13: <enter location here> | T13: =IF(NOT(OR(F13="Yes",F13="YES WITH MODIFICATION")),"Not Used",(AND(X13=Y13,X13=(OR(Z13=TRUE,AA13=TRUE)), X13=AB13, X13=AC13))) -> Not Used | W13: =IF(T13=TRUE,TRUE,(IF(T13="Not Used", TRUE,FALSE))) -> TRUE | X13: =IF(OR(F13="YES",F13="YES WITH MODIFICATION"),TRUE,"Not Used") -> Not Used | Y13: =IF(OR(P13="SC §3.X.X.X", ISBLANK(P13)),"Not Used", TRUE) -> Not Used | Z13: =IF(OR(Q13="<Select>",(ISBLANK(Q13))),"Not Used",TRUE) -> Not Used | AA13: =IF(OR(R13="<Select>",(ISBLANK(R13))),"Not Used",TRUE) -> Not Used | AB13: =IF(OR(S13="<enter location here>",(ISBLANK(S13))),"Not Used",TRUE) -> Not Used | AC13: =IF(F13="YES WITH MODIFICATION",IF(NOT(ISBLANK(U13)),TRUE,FALSE),TRUE) -> TRUE | AD13: =COUNTIF($X$5:$X$13, "Not Used") -> 9 | AE13: =COUNTIF($X$5:$X$13, "TRUE") -> 0 | AF13: =IF(F13="<Select>", TRUE,FALSE) -> TRUE | AH13: =COUNTIF($BG$5:$BG$727, "TRUE") -> 0 | AI13: =IF(F13="N/A", TRUE, FALSE) -> FALSE | AJ13: =IF(AI13=TRUE, IF(NOT(ISBLANK(G13)), TRUE, FALSE)) -> FALSE | AK13: =IF(F13="YES WITH MODIFICATION", TRUE, FALSE) -> FALSE | AL13: =IF(ISBLANK(U13), FALSE, TRUE) -> FALSE | AM13: =IF(AND(AK13=TRUE, AL13=TRUE), TRUE, FALSE) -> FALSE | AO13: =IF(AND(F13="YES WITH MODIFICATION", NOT(ISBLANK(U13))), TRUE, FALSE) -> FALSE | AP13: =IF(AND(B13="YES", C13="YES", D13="YES"), "Tier 1 MMS, Tier 1 Sub MMS, Tier 2 MMS", IF(AND(B13="YES", C13="YES"), "Tier 1 MMS, Tier 1 Sub MMS", IF(AND(B13="YES", D13="YES"), "Tier 1 MMS, Tier 2 MMS", IF(AND(C13="YES", D13="YES"), "Tier 1 Sub MMS, Tier 2 MMS", IF(B13="YES", "Tier 1 MMS", IF(C13="YES", "Tier 1 Sub MMS", IF(D13="YES", "Tier 2 MMS", "Not in MMS"))))))) -> Tier 1 MMS, Tier 1 Sub MMS | AQ13: =IF(S13="<enter location here>", FALSE, TRUE) -> FALSE | AR13: =IF(F13="<Select>", FALSE, IF(T13=FALSE, FALSE, TRUE)) -> FALSE | AS13: =IF(ISNUMBER(SEARCH("Tier 1 Sub MMS",AP13)), IF(F13="<Select>", FALSE, IF(AND(F13="N/A", J13="Rationale?"), FALSE, TRUE)), "") -> FALSE | AT13: =IF(ISNUMBER(SEARCH("Tier 1 MMS",AP13)), IF(F13="<Select>", FALSE, IF(AND(F13="N/A", H13="Rationale?"), FALSE, TRUE)), "") -> FALSE | AU13: =IF(ISNUMBER(SEARCH("Tier 1 MMS",AP13)), IF(F13="<Select>", FALSE, IF(AND(F13="YES WITH MODIFICATION", H13="Change Request?"), FALSE, TRUE)), "") -> FALSE | AV13: =IF(ISNUMBER(SEARCH("Tier 1 MMS",AP13)), IF(AK13=TRUE, TRUE, ""),"") | AW13: =IF(ISNUMBER(SEARCH("Tier 1 MMS",AP13)), IF(AL13=TRUE, TRUE, ""),"") | AX13: =IF(ISNUMBER(SEARCH("Tier 1 MMS",AP13)), IF(AI13=TRUE, TRUE, ""),"") | AY13: =IF(ISNUMBER(SEARCH("Tier 1 MMS",AP13)), IF(AJ13=TRUE, TRUE, ""),"") | AZ13: =IF(ISNUMBER(SEARCH("Tier 1 Sub MMS",AP13)), IF(AK13=TRUE, TRUE, ""),"") | BA13: =IF(ISNUMBER(SEARCH("Tier 1 Sub MMS",AP13)), IF(AL13=TRUE, TRUE, ""),"") | BB13: =IF(ISNUMBER(SEARCH("Tier 1 Sub MMS",AP13)), IF(AI13=TRUE, TRUE, ""),"") | BC13: =IF(ISNUMBER(SEARCH("Tier 1 Sub MMS",AP13)), IF(AJ13=TRUE, TRUE, ""),"") | BD13: =IF(ISNUMBER(SEARCH("Tier 2 MMS",AP13)), IF(AK13=TRUE, TRUE, ""),"") | BE13: =IF(ISNUMBER(SEARCH("Tier 2 MMS",AP13)), IF(AL13=TRUE, TRUE, ""),"") | BF13: =IF(ISNUMBER(SEARCH("Tier 2 MMS",AP13)), IF(AI13=TRUE, TRUE, ""),"") | BG13: =IF(ISNUMBER(SEARCH("Tier 2 MMS",AP13)), IF(AJ13=TRUE, TRUE, ""),"") | BH13: =IF(OR(F13="<Select>", AQ13=FALSE), FALSE, TRUE) -> FALSE | BI13: =IF(E13="YES", "", IF(E13="NO", IF(F13="N/A",TRUE,IF(F13="YES",FALSE)))) | BJ13: =IF(E13="YES", "", IF(E13="NO", IF(AND(F13="N/A", NOT(ISBLANK(G13))), TRUE, IF(AND(F13="YES",AL13=TRUE),TRUE,FALSE)))) | BK13: =IF(OR(F13="<Select>", T13=FALSE), FALSE, TRUE) -> FALSE | BM13: Subsystem: 74 (-2)_1 Service: 55 (-2)_1 | BN13: =IF(AND(BI5:BI727), TRUE, "N/A") -> N/A
A14: AO_CapabilityStatus | B14: YES | C14: YES | D14: NO | E14: YES | F14: <Select> | H14: =IF(B14="YES",(IF(F14="Yes",TRUE,(IF(F14="YES WITH MODIFICATION",(IF((NOT(ISBLANK(U14))),"Used with modification","Change Request?")),(IF(F14="N/A",(IF((NOT(ISBLANK(G14))),"Not Used","Rationale?")),(IF(F14="<Select>","Used?",FALSE)))))))),"N/A") -> Used? | I14: =IF(B14="YES",OR(IF(F14="YES",TRUE,FALSE),IF(AND(F14="YES WITH MODIFICATION",NOT(ISBLANK(U14))),TRUE,FALSE),(IF(F14="N/A",NOT(ISBLANK(G14))))),TRUE) -> FALSE | J14: =IF(C14="YES",(IF(F14="YES",TRUE,(IF(F14="YES WITH MODIFICATION",(IF((NOT(ISBLANK(U14))),"Used with modification","Change Request?")),(IF(F14="N/A",(IF((NOT(ISBLANK(G14))),"Not Used","Rationale?")),(IF(F14="<Select>","Used?",FALSE)))))))),"N/A") -> Used? | K14: =IF(C14="YES",OR(IF(F14="YES",TRUE,FALSE),IF(AND(F14="YES WITH MODIFICATION",NOT(ISBLANK(U14))),TRUE,FALSE),(IF(F14="N/A",NOT(ISBLANK(G14))))),TRUE) -> FALSE | L14: =IF(D14="YES",(IF(F14="YES",TRUE,(IF(F14="YES WITH MODIFICATION",(IF((NOT(ISBLANK(U14))),"Used with modification","Change Request?")),(IF(F14="N/A",(IF((NOT(ISBLANK(G14))),"Not Used","Rationale?")),(IF(F14="<Select>","Used?",FALSE)))))))),"N/A") -> N/A | M14: =IF(D14="YES",OR(IF(F14="YES",TRUE,FALSE),IF(AND(F14="YES WITH MODIFICATION",NOT(ISBLANK(U14))),TRUE,FALSE),(IF(F14="N/A",NOT(ISBLANK(G14))))),TRUE) -> TRUE | N14: =IF(E14="YES",(IF(F14="YES",TRUE,(IF(F14="YES WITH MODIFICATION",(IF((NOT(ISBLANK(U14))),"Used with modification","Change Request?")),(IF(F14="N/A",(IF((NOT(ISBLANK(G14))),"Not Used","Rationale?")),(IF(F14="<Select>","Used?",FALSE)))))))),"N/A") -> Used? | O14: =IF(E14="YES",OR(IF(F14="YES",TRUE,FALSE),IF(AND(F14="YES WITH MODIFICATION",NOT(ISBLANK(U14))),TRUE,FALSE),(IF(F14="N/A",NOT(ISBLANK(G14))))),TRUE) -> FALSE | P14: SC §3.X.X.X | Q14: <Select> | R14: <Select> | S14: <enter location here> | T14: =IF(NOT(OR(F14="Yes",F14="YES WITH MODIFICATION")),"Not Used",(AND(X14=Y14,X14=(OR(Z14=TRUE,AA14=TRUE)), X14=AB14, X14=AC14))) -> Not Used | W14: =IF(T14=TRUE,TRUE,(IF(T14="Not Used", TRUE,FALSE))) -> TRUE | X14: =IF(OR(F14="YES",F14="YES WITH MODIFICATION"),TRUE,"Not Used") -> Not Used | Y14: =IF(OR(P14="SC §3.X.X.X", ISBLANK(P14)),"Not Used", TRUE) -> Not Used | Z14: =IF(OR(Q14="<Select>",(ISBLANK(Q14))),"Not Used",TRUE) -> Not Used | AA14: =IF(OR(R14="<Select>",(ISBLANK(R14))),"Not Used",TRUE) -> Not Used | AB14: =IF(OR(S14="<enter location here>",(ISBLANK(S14))),"Not Used",TRUE) -> Not Used | AC14: =IF(F14="YES WITH MODIFICATION",IF(NOT(ISBLANK(U14)),TRUE,FALSE),TRUE) -> TRUE | AD14: =COUNTIF($X$5:$X$14, "Not Used") -> 10 | AE14: =COUNTIF($X$5:$X$14, "TRUE") -> 0 | AF14: =IF(F14="<Select>", TRUE,FALSE) -> TRUE | AH14: Count for Tier 1 Sub MMS "YES WITH MODIFICATION" | AI14: =IF(F14="N/A", TRUE, FALSE) -> FALSE | AJ14: =IF(AI14=TRUE, IF(NOT(ISBLANK(G14)), TRUE, FALSE)) -> FALSE | AK14: =IF(F14="YES WITH MODIFICATION", TRUE, FALSE) -> FALSE | AL14: =IF(ISBLANK(U14), FALSE, TRUE) -> FALSE | AM14: =IF(AND(AK14=TRUE, AL14=TRUE), TRUE, FALSE) -> FALSE | AO14: =IF(AND(F14="YES WITH MODIFICATION", NOT(ISBLANK(U14))), TRUE, FALSE) -> FALSE | AP14: =IF(AND(B14="YES", C14="YES", D14="YES"), "Tier 1 MMS, Tier 1 Sub MMS, Tier 2 MMS", IF(AND(B14="YES", C14="YES"), "Tier 1 MMS, Tier 1 Sub MMS", IF(AND(B14="YES", D14="YES"), "Tier 1 MMS, Tier 2 MMS", IF(AND(C14="YES", D14="YES"), "Tier 1 Sub MMS, Tier 2 MMS", IF(B14="YES", "Tier 1 MMS", IF(C14="YES", "Tier 1 Sub MMS", IF(D14="YES", "Tier 2 MMS", "Not in MMS"))))))) -> Tier 1 MMS, Tier 1 Sub MMS | AQ14: =IF(S14="<enter location here>", FALSE, TRUE) -> FALSE | AR14: =IF(F14="<Select>", FALSE, IF(T14=FALSE, FALSE, TRUE)) -> FALSE | AS14: =IF(ISNUMBER(SEARCH("Tier 1 Sub MMS",AP14)), IF(F14="<Select>", FALSE, IF(AND(F14="N/A", J14="Rationale?"), FALSE, TRUE)), "") -> FALSE | AT14: =IF(ISNUMBER(SEARCH("Tier 1 MMS",AP14)), IF(F14="<Select>", FALSE, IF(AND(F14="N/A", H14="Rationale?"), FALSE, TRUE)), "") -> FALSE | AU14: =IF(ISNUMBER(SEARCH("Tier 1 MMS",AP14)), IF(F14="<Select>", FALSE, IF(AND(F14="YES WITH MODIFICATION", H14="Change Request?"), FALSE, TRUE)), "") -> FALSE | AV14: =IF(ISNUMBER(SEARCH("Tier 1 MMS",AP14)), IF(AK14=TRUE, TRUE, ""),"") | AW14: =IF(ISNUMBER(SEARCH("Tier 1 MMS",AP14)), IF(AL14=TRUE, TRUE, ""),"") | AX14: =IF(ISNUMBER(SEARCH("Tier 1 MMS",AP14)), IF(AI14=TRUE, TRUE, ""),"") | AY14: =IF(ISNUMBER(SEARCH("Tier 1 MMS",AP14)), IF(AJ14=TRUE, TRUE, ""),"") | AZ14: =IF(ISNUMBER(SEARCH("Tier 1 Sub MMS",AP14)), IF(AK14=TRUE, TRUE, ""),"") | BA14: =IF(ISNUMBER(SEARCH("Tier 1 Sub MMS",AP14)), IF(AL14=TRUE, TRUE, ""),"") | BB14: =IF(ISNUMBER(SEARCH("Tier 1 Sub MMS",AP14)), IF(AI14=TRUE, TRUE, ""),"") | BC14: =IF(ISNUMBER(SEARCH("Tier 1 Sub MMS",AP14)), IF(AJ14=TRUE, TRUE, ""),"") | BD14: =IF(ISNUMBER(SEARCH("Tier 2 MMS",AP14)), IF(AK14=TRUE, TRUE, ""),"") | BE14: =IF(ISNUMBER(SEARCH("Tier 2 MMS",AP14)), IF(AL14=TRUE, TRUE, ""),"") | BF14: =IF(ISNUMBER(SEARCH("Tier 2 MMS",AP14)), IF(AI14=TRUE, TRUE, ""),"") | BG14: =IF(ISNUMBER(SEARCH("Tier 2 MMS",AP14)), IF(AJ14=TRUE, TRUE, ""),"") | BH14: =IF(OR(F14="<Select>", AQ14=FALSE), FALSE, TRUE) -> FALSE | BI14: =IF(E14="YES", "", IF(E14="NO", IF(F14="N/A",TRUE,IF(F14="YES",FALSE)))) | BJ14: =IF(E14="YES", "", IF(E14="NO", IF(AND(F14="N/A", NOT(ISBLANK(G14))), TRUE, IF(AND(F14="YES",AL14=TRUE),TRUE,FALSE)))) | BK14: =IF(OR(F14="<Select>", T14=FALSE), FALSE, TRUE) -> FALSE | BM14: Subsystem: 74 (-2)_2 Service: 55 (-2)_2 | BN14: =IF(AND(BI5:BI727), "N/A", IF(AND(BJ5:BJ727), TRUE)) -> FALSE
A15: AO_Command | B15: YES | C15: YES | D15: NO | E15: YES | F15: <Select> | H15: =IF(B15="YES",(IF(F15="Yes",TRUE,(IF(F15="YES WITH MODIFICATION",(IF((NOT(ISBLANK(U15))),"Used with modification","Change Request?")),(IF(F15="N/A",(IF((NOT(ISBLANK(G15))),"Not Used","Rationale?")),(IF(F15="<Select>","Used?",FALSE)))))))),"N/A") -> Used? | I15: =IF(B15="YES",OR(IF(F15="YES",TRUE,FALSE),IF(AND(F15="YES WITH MODIFICATION",NOT(ISBLANK(U15))),TRUE,FALSE),(IF(F15="N/A",NOT(ISBLANK(G15))))),TRUE) -> FALSE | J15: =IF(C15="YES",(IF(F15="YES",TRUE,(IF(F15="YES WITH MODIFICATION",(IF((NOT(ISBLANK(U15))),"Used with modification","Change Request?")),(IF(F15="N/A",(IF((NOT(ISBLANK(G15))),"Not Used","Rationale?")),(IF(F15="<Select>","Used?",FALSE)))))))),"N/A") -> Used? | K15: =IF(C15="YES",OR(IF(F15="YES",TRUE,FALSE),IF(AND(F15="YES WITH MODIFICATION",NOT(ISBLANK(U15))),TRUE,FALSE),(IF(F15="N/A",NOT(ISBLANK(G15))))),TRUE) -> FALSE | L15: =IF(D15="YES",(IF(F15="YES",TRUE,(IF(F15="YES WITH MODIFICATION",(IF((NOT(ISBLANK(U15))),"Used with modification","Change Request?")),(IF(F15="N/A",(IF((NOT(ISBLANK(G15))),"Not Used","Rationale?")),(IF(F15="<Select>","Used?",FALSE)))))))),"N/A") -> N/A | M15: =IF(D15="YES",OR(IF(F15="YES",TRUE,FALSE),IF(AND(F15="YES WITH MODIFICATION",NOT(ISBLANK(U15))),TRUE,FALSE),(IF(F15="N/A",NOT(ISBLANK(G15))))),TRUE) -> TRUE | N15: =IF(E15="YES",(IF(F15="YES",TRUE,(IF(F15="YES WITH MODIFICATION",(IF((NOT(ISBLANK(U15))),"Used with modification","Change Request?")),(IF(F15="N/A",(IF((NOT(ISBLANK(G15))),"Not Used","Rationale?")),(IF(F15="<Select>","Used?",FALSE)))))))),"N/A") -> Used? | O15: =IF(E15="YES",OR(IF(F15="YES",TRUE,FALSE),IF(AND(F15="YES WITH MODIFICATION",NOT(ISBLANK(U15))),TRUE,FALSE),(IF(F15="N/A",NOT(ISBLANK(G15))))),TRUE) -> FALSE | P15: SC §3.X.X.X | Q15: <Select> | R15: <Select> | S15: <enter location here> | T15: =IF(NOT(OR(F15="Yes",F15="YES WITH MODIFICATION")),"Not Used",(AND(X15=Y15,X15=(OR(Z15=TRUE,AA15=TRUE)), X15=AB15, X15=AC15))) -> Not Used | W15: =IF(T15=TRUE,TRUE,(IF(T15="Not Used", TRUE,FALSE))) -> TRUE | X15: =IF(OR(F15="YES",F15="YES WITH MODIFICATION"),TRUE,"Not Used") -> Not Used | Y15: =IF(OR(P15="SC §3.X.X.X", ISBLANK(P15)),"Not Used", TRUE) -> Not Used | Z15: =IF(OR(Q15="<Select>",(ISBLANK(Q15))),"Not Used",TRUE) -> Not Used | AA15: =IF(OR(R15="<Select>",(ISBLANK(R15))),"Not Used",TRUE) -> Not Used | AB15: =IF(OR(S15="<enter location here>",(ISBLANK(S15))),"Not Used",TRUE) -> Not Used | AC15: =IF(F15="YES WITH MODIFICATION",IF(NOT(ISBLANK(U15)),TRUE,FALSE),TRUE) -> TRUE | AD15: =COUNTIF($X$5:$X$15, "Not Used") -> 11 | AE15: =COUNTIF($X$5:$X$15, "TRUE") -> 0 | AF15: =IF(F15="<Select>", TRUE,FALSE) -> TRUE | AH15: =COUNTIF($AZ$5:$AZ$727, "TRUE") -> 0 | AI15: =IF(F15="N/A", TRUE, FALSE) -> FALSE | AJ15: =IF(AI15=TRUE, IF(NOT(ISBLANK(G15)), TRUE, FALSE)) -> FALSE | AK15: =IF(F15="YES WITH MODIFICATION", TRUE, FALSE) -> FALSE | AL15: =IF(ISBLANK(U15), FALSE, TRUE) -> FALSE | AM15: =IF(AND(AK15=TRUE, AL15=TRUE), TRUE, FALSE) -> FALSE | AO15: =IF(AND(F15="YES WITH MODIFICATION", NOT(ISBLANK(U15))), TRUE, FALSE) -> FALSE | AP15: =IF(AND(B15="YES", C15="YES", D15="YES"), "Tier 1 MMS, Tier 1 Sub MMS, Tier 2 MMS", IF(AND(B15="YES", C15="YES"), "Tier 1 MMS, Tier 1 Sub MMS", IF(AND(B15="YES", D15="YES"), "Tier 1 MMS, Tier 2 MMS", IF(AND(C15="YES", D15="YES"), "Tier 1 Sub MMS, Tier 2 MMS", IF(B15="YES", "Tier 1 MMS", IF(C15="YES", "Tier 1 Sub MMS", IF(D15="YES", "Tier 2 MMS", "Not in MMS"))))))) -> Tier 1 MMS, Tier 1 Sub MMS | AQ15: =IF(S15="<enter location here>", FALSE, TRUE) -> FALSE | AR15: =IF(F15="<Select>", FALSE, IF(T15=FALSE, FALSE, TRUE)) -> FALSE | AS15: =IF(ISNUMBER(SEARCH("Tier 1 Sub MMS",AP15)), IF(F15="<Select>", FALSE, IF(AND(F15="N/A", J15="Rationale?"), FALSE, TRUE)), "") -> FALSE | AT15: =IF(ISNUMBER(SEARCH("Tier 1 MMS",AP15)), IF(F15="<Select>", FALSE, IF(AND(F15="N/A", H15="Rationale?"), FALSE, TRUE)), "") -> FALSE | AU15: =IF(ISNUMBER(SEARCH("Tier 1 MMS",AP15)), IF(F15="<Select>", FALSE, IF(AND(F15="YES WITH MODIFICATION", H15="Change Request?"), FALSE, TRUE)), "") -> FALSE | AV15: =IF(ISNUMBER(SEARCH("Tier 1 MMS",AP15)), IF(AK15=TRUE, TRUE, ""),"") | AW15: =IF(ISNUMBER(SEARCH("Tier 1 MMS",AP15)), IF(AL15=TRUE, TRUE, ""),"") | AX15: =IF(ISNUMBER(SEARCH("Tier 1 MMS",AP15)), IF(AI15=TRUE, TRUE, ""),"") | AY15: =IF(ISNUMBER(SEARCH("Tier 1 MMS",AP15)), IF(AJ15=TRUE, TRUE, ""),"") | AZ15: =IF(ISNUMBER(SEARCH("Tier 1 Sub MMS",AP15)), IF(AK15=TRUE, TRUE, ""),"") | BA15: =IF(ISNUMBER(SEARCH("Tier 1 Sub MMS",AP15)), IF(AL15=TRUE, TRUE, ""),"") | BB15: =IF(ISNUMBER(SEARCH("Tier 1 Sub MMS",AP15)), IF(AI15=TRUE, TRUE, ""),"") | BC15: =IF(ISNUMBER(SEARCH("Tier 1 Sub MMS",AP15)), IF(AJ15=TRUE, TRUE, ""),"") | BD15: =IF(ISNUMBER(SEARCH("Tier 2 MMS",AP15)), IF(AK15=TRUE, TRUE, ""),"") | BE15: =IF(ISNUMBER(SEARCH("Tier 2 MMS",AP15)), IF(AL15=TRUE, TRUE, ""),"") | BF15: =IF(ISNUMBER(SEARCH("Tier 2 MMS",AP15)), IF(AI15=TRUE, TRUE, ""),"") | BG15: =IF(ISNUMBER(SEARCH("Tier 2 MMS",AP15)), IF(AJ15=TRUE, TRUE, ""),"") | BH15: =IF(OR(F15="<Select>", AQ15=FALSE), FALSE, TRUE) -> FALSE | BI15: =IF(E15="YES", "", IF(E15="NO", IF(F15="N/A",TRUE,IF(F15="YES",FALSE)))) | BJ15: =IF(E15="YES", "", IF(E15="NO", IF(AND(F15="N/A", NOT(ISBLANK(G15))), TRUE, IF(AND(F15="YES",AL15=TRUE),TRUE,FALSE)))) | BK15: =IF(OR(F15="<Select>", T15=FALSE), FALSE, TRUE) -> FALSE | BM15: Subsystem: 74 (-2)_3 Service: 55 (-2)_3 | BN15: =IF(AND(BI5:BI727), "N/A", IF(AND(BJ5:BJ727), TRUE)) -> FALSE
A16: AO_CommandStatus | B16: YES | C16: YES | D16: NO | E16: YES | F16: <Select> | H16: =IF(B16="YES",(IF(F16="Yes",TRUE,(IF(F16="YES WITH MODIFICATION",(IF((NOT(ISBLANK(U16))),"Used with modification","Change Request?")),(IF(F16="N/A",(IF((NOT(ISBLANK(G16))),"Not Used","Rationale?")),(IF(F16="<Select>","Used?",FALSE)))))))),"N/A") -> Used? | I16: =IF(B16="YES",OR(IF(F16="YES",TRUE,FALSE),IF(AND(F16="YES WITH MODIFICATION",NOT(ISBLANK(U16))),TRUE,FALSE),(IF(F16="N/A",NOT(ISBLANK(G16))))),TRUE) -> FALSE | J16: =IF(C16="YES",(IF(F16="YES",TRUE,(IF(F16="YES WITH MODIFICATION",(IF((NOT(ISBLANK(U16))),"Used with modification","Change Request?")),(IF(F16="N/A",(IF((NOT(ISBLANK(G16))),"Not Used","Rationale?")),(IF(F16="<Select>","Used?",FALSE)))))))),"N/A") -> Used? | K16: =IF(C16="YES",OR(IF(F16="YES",TRUE,FALSE),IF(AND(F16="YES WITH MODIFICATION",NOT(ISBLANK(U16))),TRUE,FALSE),(IF(F16="N/A",NOT(ISBLANK(G16))))),TRUE) -> FALSE | L16: =IF(D16="YES",(IF(F16="YES",TRUE,(IF(F16="YES WITH MODIFICATION",(IF((NOT(ISBLANK(U16))),"Used with modification","Change Request?")),(IF(F16="N/A",(IF((NOT(ISBLANK(G16))),"Not Used","Rationale?")),(IF(F16="<Select>","Used?",FALSE)))))))),"N/A") -> N/A | M16: =IF(D16="YES",OR(IF(F16="YES",TRUE,FALSE),IF(AND(F16="YES WITH MODIFICATION",NOT(ISBLANK(U16))),TRUE,FALSE),(IF(F16="N/A",NOT(ISBLANK(G16))))),TRUE) -> TRUE | N16: =IF(E16="YES",(IF(F16="YES",TRUE,(IF(F16="YES WITH MODIFICATION",(IF((NOT(ISBLANK(U16))),"Used with modification","Change Request?")),(IF(F16="N/A",(IF((NOT(ISBLANK(G16))),"Not Used","Rationale?")),(IF(F16="<Select>","Used?",FALSE)))))))),"N/A") -> Used? | O16: =IF(E16="YES",OR(IF(F16="YES",TRUE,FALSE),IF(AND(F16="YES WITH MODIFICATION",NOT(ISBLANK(U16))),TRUE,FALSE),(IF(F16="N/A",NOT(ISBLANK(G16))))),TRUE) -> FALSE | P16: SC §3.X.X.X | Q16: <Select> | R16: <Select> | S16: <enter location here> | T16: =IF(NOT(OR(F16="Yes",F16="YES WITH MODIFICATION")),"Not Used",(AND(X16=Y16,X16=(OR(Z16=TRUE,AA16=TRUE)), X16=AB16, X16=AC16))) -> Not Used | W16: =IF(T16=TRUE,TRUE,(IF(T16="Not Used", TRUE,FALSE))) -> TRUE | X16: =IF(OR(F16="YES",F16="YES WITH MODIFICATION"),TRUE,"Not Used") -> Not Used | Y16: =IF(OR(P16="SC §3.X.X.X", ISBLANK(P16)),"Not Used", TRUE) -> Not Used | Z16: =IF(OR(Q16="<Select>",(ISBLANK(Q16))),"Not Used",TRUE) -> Not Used | AA16: =IF(OR(R16="<Select>",(ISBLANK(R16))),"Not Used",TRUE) -> Not Used | AB16: =IF(OR(S16="<enter location here>",(ISBLANK(S16))),"Not Used",TRUE) -> Not Used | AC16: =IF(F16="YES WITH MODIFICATION",IF(NOT(ISBLANK(U16)),TRUE,FALSE),TRUE) -> TRUE | AD16: =COUNTIF($X$5:$X$16, "Not Used") -> 12 | AE16: =COUNTIF($X$5:$X$16, "TRUE") -> 0 | AF16: =IF(F16="<Select>", TRUE,FALSE) -> TRUE | AH16: Count for Tier 1 Sub MMS CR Identified | AI16: =IF(F16="N/A", TRUE, FALSE) -> FALSE | AJ16: =IF(AI16=TRUE, IF(NOT(ISBLANK(G16)), TRUE, FALSE)) -> FALSE | AK16: =IF(F16="YES WITH MODIFICATION", TRUE, FALSE) -> FALSE | AL16: =IF(ISBLANK(U16), FALSE, TRUE) -> FALSE | AM16: =IF(AND(AK16=TRUE, AL16=TRUE), TRUE, FALSE) -> FALSE | AO16: =IF(AND(F16="YES WITH MODIFICATION", NOT(ISBLANK(U16))), TRUE, FALSE) -> FALSE | AP16: =IF(AND(B16="YES", C16="YES", D16="YES"), "Tier 1 MMS, Tier 1 Sub MMS, Tier 2 MMS", IF(AND(B16="YES", C16="YES"), "Tier 1 MMS, Tier 1 Sub MMS", IF(AND(B16="YES", D16="YES"), "Tier 1 MMS, Tier 2 MMS", IF(AND(C16="YES", D16="YES"), "Tier 1 Sub MMS, Tier 2 MMS", IF(B16="YES", "Tier 1 MMS", IF(C16="YES", "Tier 1 Sub MMS", IF(D16="YES", "Tier 2 MMS", "Not in MMS"))))))) -> Tier 1 MMS, Tier 1 Sub MMS | AQ16: =IF(S16="<enter location here>", FALSE, TRUE) -> FALSE | AR16: =IF(F16="<Select>", FALSE, IF(T16=FALSE, FALSE, TRUE)) -> FALSE | AS16: =IF(ISNUMBER(SEARCH("Tier 1 Sub MMS",AP16)), IF(F16="<Select>", FALSE, IF(AND(F16="N/A", J16="Rationale?"), FALSE, TRUE)), "") -> FALSE | AT16: =IF(ISNUMBER(SEARCH("Tier 1 MMS",AP16)), IF(F16="<Select>", FALSE, IF(AND(F16="N/A", H16="Rationale?"), FALSE, TRUE)), "") -> FALSE | AU16: =IF(ISNUMBER(SEARCH("Tier 1 MMS",AP16)), IF(F16="<Select>", FALSE, IF(AND(F16="YES WITH MODIFICATION", H16="Change Request?"), FALSE, TRUE)), "") -> FALSE | AV16: =IF(ISNUMBER(SEARCH("Tier 1 MMS",AP16)), IF(AK16=TRUE, TRUE, ""),"") | AW16: =IF(ISNUMBER(SEARCH("Tier 1 MMS",AP16)), IF(AL16=TRUE, TRUE, ""),"") | AX16: =IF(ISNUMBER(SEARCH("Tier 1 MMS",AP16)), IF(AI16=TRUE, TRUE, ""),"") | AY16: =IF(ISNUMBER(SEARCH("Tier 1 MMS",AP16)), IF(AJ16=TRUE, TRUE, ""),"") | AZ16: =IF(ISNUMBER(SEARCH("Tier 1 Sub MMS",AP16)), IF(AK16=TRUE, TRUE, ""),"") | BA16: =IF(ISNUMBER(SEARCH("Tier 1 Sub MMS",AP16)), IF(AL16=TRUE, TRUE, ""),"") | BB16: =IF(ISNUMBER(SEARCH("Tier 1 Sub MMS",AP16)), IF(AI16=TRUE, TRUE, ""),"") | BC16: =IF(ISNUMBER(SEARCH("Tier 1 Sub MMS",AP16)), IF(AJ16=TRUE, TRUE, ""),"") | BD16: =IF(ISNUMBER(SEARCH("Tier 2 MMS",AP16)), IF(AK16=TRUE, TRUE, ""),"") | BE16: =IF(ISNUMBER(SEARCH("Tier 2 MMS",AP16)), IF(AL16=TRUE, TRUE, ""),"") | BF16: =IF(ISNUMBER(SEARCH("Tier 2 MMS",AP16)), IF(AI16=TRUE, TRUE, ""),"") | BG16: =IF(ISNUMBER(SEARCH("Tier 2 MMS",AP16)), IF(AJ16=TRUE, TRUE, ""),"") | BH16: =IF(OR(F16="<Select>", AQ16=FALSE), FALSE, TRUE) -> FALSE | BI16: =IF(E16="YES", "", IF(E16="NO", IF(F16="N/A",TRUE,IF(F16="YES",FALSE)))) | BJ16: =IF(E16="YES", "", IF(E16="NO", IF(AND(F16="N/A", NOT(ISBLANK(G16))), TRUE, IF(AND(F16="YES",AL16=TRUE),TRUE,FALSE)))) | BK16: =IF(OR(F16="<Select>", T16=FALSE), FALSE, TRUE) -> FALSE | BM16: Subsystem: 74 (-3)_1 Service: 55 (-3)_1 | BN16: =IF(AG6>0, FALSE, IF(AH5=0,TRUE, IF(AH5>0,"N/A"))) -> FALSE
A17: AO_ConsentRequest | B17: YES | C17: NO | D17: NO | E17: YES | F17: <Select> | H17: =IF(B17="YES",(IF(F17="Yes",TRUE,(IF(F17="YES WITH MODIFICATION",(IF((NOT(ISBLANK(U17))),"Used with modification","Change Request?")),(IF(F17="N/A",(IF((NOT(ISBLANK(G17))),"Not Used","Rationale?")),(IF(F17="<Select>","Used?",FALSE)))))))),"N/A") -> Used? | I17: =IF(B17="YES",OR(IF(F17="YES",TRUE,FALSE),IF(AND(F17="YES WITH MODIFICATION",NOT(ISBLANK(U17))),TRUE,FALSE),(IF(F17="N/A",NOT(ISBLANK(G17))))),TRUE) -> FALSE | J17: =IF(C17="YES",(IF(F17="YES",TRUE,(IF(F17="YES WITH MODIFICATION",(IF((NOT(ISBLANK(U17))),"Used with modification","Change Request?")),(IF(F17="N/A",(IF((NOT(ISBLANK(G17))),"Not Used","Rationale?")),(IF(F17="<Select>","Used?",FALSE)))))))),"N/A") -> N/A | K17: =IF(C17="YES",OR(IF(F17="YES",TRUE,FALSE),IF(AND(F17="YES WITH MODIFICATION",NOT(ISBLANK(U17))),TRUE,FALSE),(IF(F17="N/A",NOT(ISBLANK(G17))))),TRUE) -> TRUE | L17: =IF(D17="YES",(IF(F17="YES",TRUE,(IF(F17="YES WITH MODIFICATION",(IF((NOT(ISBLANK(U17))),"Used with modification","Change Request?")),(IF(F17="N/A",(IF((NOT(ISBLANK(G17))),"Not Used","Rationale?")),(IF(F17="<Select>","Used?",FALSE)))))))),"N/A") -> N/A | M17: =IF(D17="YES",OR(IF(F17="YES",TRUE,FALSE),IF(AND(F17="YES WITH MODIFICATION",NOT(ISBLANK(U17))),TRUE,FALSE),(IF(F17="N/A",NOT(ISBLANK(G17))))),TRUE) -> TRUE | N17: =IF(E17="YES",(IF(F17="YES",TRUE,(IF(F17="YES WITH MODIFICATION",(IF((NOT(ISBLANK(U17))),"Used with modification","Change Request?")),(IF(F17="N/A",(IF((NOT(ISBLANK(G17))),"Not Used","Rationale?")),(IF(F17="<Select>","Used?",FALSE)))))))),"N/A") -> Used? | O17: =IF(E17="YES",OR(IF(F17="YES",TRUE,FALSE),IF(AND(F17="YES WITH MODIFICATION",NOT(ISBLANK(U17))),TRUE,FALSE),(IF(F17="N/A",NOT(ISBLANK(G17))))),TRUE) -> FALSE | P17: SC §3.X.X.X | Q17: <Select> | R17: <Select> | S17: <enter location here> | T17: =IF(NOT(OR(F17="Yes",F17="YES WITH MODIFICATION")),"Not Used",(AND(X17=Y17,X17=(OR(Z17=TRUE,AA17=TRUE)), X17=AB17, X17=AC17))) -> Not Used | W17: =IF(T17=TRUE,TRUE,(IF(T17="Not Used", TRUE,FALSE))) -> TRUE | X17: =IF(OR(F17="YES",F17="YES WITH MODIFICATION"),TRUE,"Not Used") -> Not Used | Y17: =IF(OR(P17="SC §3.X.X.X", ISBLANK(P17)),"Not Used", TRUE) -> Not Used | Z17: =IF(OR(Q17="<Select>",(ISBLANK(Q17))),"Not Used",TRUE) -> Not Used | AA17: =IF(OR(R17="<Select>",(ISBLANK(R17))),"Not Used",TRUE) -> Not Used | AB17: =IF(OR(S17="<enter location here>",(ISBLANK(S17))),"Not Used",TRUE) -> Not Used | AC17: =IF(F17="YES WITH MODIFICATION",IF(NOT(ISBLANK(U17)),TRUE,FALSE),TRUE) -> TRUE | AD17: =COUNTIF($X$5:$X$17, "Not Used") -> 13 | AE17: =COUNTIF($X$5:$X$17, "TRUE") -> 0 | AF17: =IF(F17="<Select>", TRUE,FALSE) -> TRUE | AH17: =COUNTIF($BA$5:$BA$727, "TRUE") -> 0 | AI17: =IF(F17="N/A", TRUE, FALSE) -> FALSE | AJ17: =IF(AI17=TRUE, IF(NOT(ISBLANK(G17)), TRUE, FALSE)) -> FALSE | AK17: =IF(F17="YES WITH MODIFICATION", TRUE, FALSE) -> FALSE | AL17: =IF(ISBLANK(U17), FALSE, TRUE) -> FALSE | AM17: =IF(AND(AK17=TRUE, AL17=TRUE), TRUE, FALSE) -> FALSE | AO17: =IF(AND(F17="YES WITH MODIFICATION", NOT(ISBLANK(U17))), TRUE, FALSE) -> FALSE | AP17: =IF(AND(B17="YES", C17="YES", D17="YES"), "Tier 1 MMS, Tier 1 Sub MMS, Tier 2 MMS", IF(AND(B17="YES", C17="YES"), "Tier 1 MMS, Tier 1 Sub MMS", IF(AND(B17="YES", D17="YES"), "Tier 1 MMS, Tier 2 MMS", IF(AND(C17="YES", D17="YES"), "Tier 1 Sub MMS, Tier 2 MMS", IF(B17="YES", "Tier 1 MMS", IF(C17="YES", "Tier 1 Sub MMS", IF(D17="YES", "Tier 2 MMS", "Not in MMS"))))))) -> Tier 1 MMS | AQ17: =IF(S17="<enter location here>", FALSE, TRUE) -> FALSE | AR17: =IF(F17="<Select>", FALSE, IF(T17=FALSE, FALSE, TRUE)) -> FALSE | AS17: =IF(ISNUMBER(SEARCH("Tier 1 Sub MMS",AP17)), IF(F17="<Select>", FALSE, IF(AND(F17="N/A", J17="Rationale?"), FALSE, TRUE)), "") | AT17: =IF(ISNUMBER(SEARCH("Tier 1 MMS",AP17)), IF(F17="<Select>", FALSE, IF(AND(F17="N/A", H17="Rationale?"), FALSE, TRUE)), "") -> FALSE | AU17: =IF(ISNUMBER(SEARCH("Tier 1 MMS",AP17)), IF(F17="<Select>", FALSE, IF(AND(F17="YES WITH MODIFICATION", H17="Change Request?"), FALSE, TRUE)), "") -> FALSE | AV17: =IF(ISNUMBER(SEARCH("Tier 1 MMS",AP17)), IF(AK17=TRUE, TRUE, ""),"") | AW17: =IF(ISNUMBER(SEARCH("Tier 1 MMS",AP17)), IF(AL17=TRUE, TRUE, ""),"") | AX17: =IF(ISNUMBER(SEARCH("Tier 1 MMS",AP17)), IF(AI17=TRUE, TRUE, ""),"") | AY17: =IF(ISNUMBER(SEARCH("Tier 1 MMS",AP17)), IF(AJ17=TRUE, TRUE, ""),"") | AZ17: =IF(ISNUMBER(SEARCH("Tier 1 Sub MMS",AP17)), IF(AK17=TRUE, TRUE, ""),"") | BA17: =IF(ISNUMBER(SEARCH("Tier 1 Sub MMS",AP17)), IF(AL17=TRUE, TRUE, ""),"") | BB17: =IF(ISNUMBER(SEARCH("Tier 1 Sub MMS",AP17)), IF(AI17=TRUE, TRUE, ""),"") | BC17: =IF(ISNUMBER(SEARCH("Tier 1 Sub MMS",AP17)), IF(AJ17=TRUE, TRUE, ""),"") | BD17: =IF(ISNUMBER(SEARCH("Tier 2 MMS",AP17)), IF(AK17=TRUE, TRUE, ""),"") | BE17: =IF(ISNUMBER(SEARCH("Tier 2 MMS",AP17)), IF(AL17=TRUE, TRUE, ""),"") | BF17: =IF(ISNUMBER(SEARCH("Tier 2 MMS",AP17)), IF(AI17=TRUE, TRUE, ""),"") | BG17: =IF(ISNUMBER(SEARCH("Tier 2 MMS",AP17)), IF(AJ17=TRUE, TRUE, ""),"") | BH17: =IF(OR(F17="<Select>", AQ17=FALSE), FALSE, TRUE) -> FALSE | BI17: =IF(E17="YES", "", IF(E17="NO", IF(F17="N/A",TRUE,IF(F17="YES",FALSE)))) | BJ17: =IF(E17="YES", "", IF(E17="NO", IF(AND(F17="N/A", NOT(ISBLANK(G17))), TRUE, IF(AND(F17="YES",AL17=TRUE),TRUE,FALSE)))) | BK17: =IF(OR(F17="<Select>", T17=FALSE), FALSE, TRUE) -> FALSE | BM17: Subsystem: 74 (-3)_2 Service: 55 (-3)_2 | BN17: =IF(AG6>0, FALSE, IF(AH5>0, IF(AN5=AH5, TRUE), "N/A")) -> FALSE
A18: AO_ConsentRequestStatus | B18: YES | C18: NO | D18: NO | E18: YES | F18: <Select> | H18: =IF(B18="YES",(IF(F18="Yes",TRUE,(IF(F18="YES WITH MODIFICATION",(IF((NOT(ISBLANK(U18))),"Used with modification","Change Request?")),(IF(F18="N/A",(IF((NOT(ISBLANK(G18))),"Not Used","Rationale?")),(IF(F18="<Select>","Used?",FALSE)))))))),"N/A") -> Used? | I18: =IF(B18="YES",OR(IF(F18="YES",TRUE,FALSE),IF(AND(F18="YES WITH MODIFICATION",NOT(ISBLANK(U18))),TRUE,FALSE),(IF(F18="N/A",NOT(ISBLANK(G18))))),TRUE) -> FALSE | J18: =IF(C18="YES",(IF(F18="YES",TRUE,(IF(F18="YES WITH MODIFICATION",(IF((NOT(ISBLANK(U18))),"Used with modification","Change Request?")),(IF(F18="N/A",(IF((NOT(ISBLANK(G18))),"Not Used","Rationale?")),(IF(F18="<Select>","Used?",FALSE)))))))),"N/A") -> N/A | K18: =IF(C18="YES",OR(IF(F18="YES",TRUE,FALSE),IF(AND(F18="YES WITH MODIFICATION",NOT(ISBLANK(U18))),TRUE,FALSE),(IF(F18="N/A",NOT(ISBLANK(G18))))),TRUE) -> TRUE | L18: =IF(D18="YES",(IF(F18="YES",TRUE,(IF(F18="YES WITH MODIFICATION",(IF((NOT(ISBLANK(U18))),"Used with modification","Change Request?")),(IF(F18="N/A",(IF((NOT(ISBLANK(G18))),"Not Used","Rationale?")),(IF(F18="<Select>","Used?",FALSE)))))))),"N/A") -> N/A | M18: =IF(D18="YES",OR(IF(F18="YES",TRUE,FALSE),IF(AND(F18="YES WITH MODIFICATION",NOT(ISBLANK(U18))),TRUE,FALSE),(IF(F18="N/A",NOT(ISBLANK(G18))))),TRUE) -> TRUE | N18: =IF(E18="YES",(IF(F18="YES",TRUE,(IF(F18="YES WITH MODIFICATION",(IF((NOT(ISBLANK(U18))),"Used with modification","Change Request?")),(IF(F18="N/A",(IF((NOT(ISBLANK(G18))),"Not Used","Rationale?")),(IF(F18="<Select>","Used?",FALSE)))))))),"N/A") -> Used? | O18: =IF(E18="YES",OR(IF(F18="YES",TRUE,FALSE),IF(AND(F18="YES WITH MODIFICATION",NOT(ISBLANK(U18))),TRUE,FALSE),(IF(F18="N/A",NOT(ISBLANK(G18))))),TRUE) -> FALSE | P18: SC §3.X.X.X | Q18: <Select> | R18: <Select> | S18: <enter location here> | T18: =IF(NOT(OR(F18="Yes",F18="YES WITH MODIFICATION")),"Not Used",(AND(X18=Y18,X18=(OR(Z18=TRUE,AA18=TRUE)), X18=AB18, X18=AC18))) -> Not Used | W18: =IF(T18=TRUE,TRUE,(IF(T18="Not Used", TRUE,FALSE))) -> TRUE | X18: =IF(OR(F18="YES",F18="YES WITH MODIFICATION"),TRUE,"Not Used") -> Not Used | Y18: =IF(OR(P18="SC §3.X.X.X", ISBLANK(P18)),"Not Used", TRUE) -> Not Used | Z18: =IF(OR(Q18="<Select>",(ISBLANK(Q18))),"Not Used",TRUE) -> Not Used | AA18: =IF(OR(R18="<Select>",(ISBLANK(R18))),"Not Used",TRUE) -> Not Used | AB18: =IF(OR(S18="<enter location here>",(ISBLANK(S18))),"Not Used",TRUE) -> Not Used | AC18: =IF(F18="YES WITH MODIFICATION",IF(NOT(ISBLANK(U18)),TRUE,FALSE),TRUE) -> TRUE | AD18: =COUNTIF($X$5:$X$18, "Not Used") -> 14 | AE18: =COUNTIF($X$5:$X$18, "TRUE") -> 0 | AF18: =IF(F18="<Select>", TRUE,FALSE) -> TRUE | AH18: Count for Tier 1 Sub MMS "N/A" entered | AI18: =IF(F18="N/A", TRUE, FALSE) -> FALSE | AJ18: =IF(AI18=TRUE, IF(NOT(ISBLANK(G18)), TRUE, FALSE)) -> FALSE | AK18: =IF(F18="YES WITH MODIFICATION", TRUE, FALSE) -> FALSE | AL18: =IF(ISBLANK(U18), FALSE, TRUE) -> FALSE | AM18: =IF(AND(AK18=TRUE, AL18=TRUE), TRUE, FALSE) -> FALSE | AO18: =IF(AND(F18="YES WITH MODIFICATION", NOT(ISBLANK(U18))), TRUE, FALSE) -> FALSE | AP18: =IF(AND(B18="YES", C18="YES", D18="YES"), "Tier 1 MMS, Tier 1 Sub MMS, Tier 2 MMS", IF(AND(B18="YES", C18="YES"), "Tier 1 MMS, Tier 1 Sub MMS", IF(AND(B18="YES", D18="YES"), "Tier 1 MMS, Tier 2 MMS", IF(AND(C18="YES", D18="YES"), "Tier 1 Sub MMS, Tier 2 MMS", IF(B18="YES", "Tier 1 MMS", IF(C18="YES", "Tier 1 Sub MMS", IF(D18="YES", "Tier 2 MMS", "Not in MMS"))))))) -> Tier 1 MMS | AQ18: =IF(S18="<enter location here>", FALSE, TRUE) -> FALSE | AR18: =IF(F18="<Select>", FALSE, IF(T18=FALSE, FALSE, TRUE)) -> FALSE | AS18: =IF(ISNUMBER(SEARCH("Tier 1 Sub MMS",AP18)), IF(F18="<Select>", FALSE, IF(AND(F18="N/A", J18="Rationale?"), FALSE, TRUE)), "") | AT18: =IF(ISNUMBER(SEARCH("Tier 1 MMS",AP18)), IF(F18="<Select>", FALSE, IF(AND(F18="N/A", H18="Rationale?"), FALSE, TRUE)), "") -> FALSE | AU18: =IF(ISNUMBER(SEARCH("Tier 1 MMS",AP18)), IF(F18="<Select>", FALSE, IF(AND(F18="YES WITH MODIFICATION", H18="Change Request?"), FALSE, TRUE)), "") -> FALSE | AV18: =IF(ISNUMBER(SEARCH("Tier 1 MMS",AP18)), IF(AK18=TRUE, TRUE, ""),"") | AW18: =IF(ISNUMBER(SEARCH("Tier 1 MMS",AP18)), IF(AL18=TRUE, TRUE, ""),"") | AX18: =IF(ISNUMBER(SEARCH("Tier 1 MMS",AP18)), IF(AI18=TRUE, TRUE, ""),"") | AY18: =IF(ISNUMBER(SEARCH("Tier 1 MMS",AP18)), IF(AJ18=TRUE, TRUE, ""),"") | AZ18: =IF(ISNUMBER(SEARCH("Tier 1 Sub MMS",AP18)), IF(AK18=TRUE, TRUE, ""),"") | BA18: =IF(ISNUMBER(SEARCH("Tier 1 Sub MMS",AP18)), IF(AL18=TRUE, TRUE, ""),"") | BB18: =IF(ISNUMBER(SEARCH("Tier 1 Sub MMS",AP18)), IF(AI18=TRUE, TRUE, ""),"") | BC18: =IF(ISNUMBER(SEARCH("Tier 1 Sub MMS",AP18)), IF(AJ18=TRUE, TRUE, ""),"") | BD18: =IF(ISNUMBER(SEARCH("Tier 2 MMS",AP18)), IF(AK18=TRUE, TRUE, ""),"") | BE18: =IF(ISNUMBER(SEARCH("Tier 2 MMS",AP18)), IF(AL18=TRUE, TRUE, ""),"") | BF18: =IF(ISNUMBER(SEARCH("Tier 2 MMS",AP18)), IF(AI18=TRUE, TRUE, ""),"") | BG18: =IF(ISNUMBER(SEARCH("Tier 2 MMS",AP18)), IF(AJ18=TRUE, TRUE, ""),"") | BH18: =IF(OR(F18="<Select>", AQ18=FALSE), FALSE, TRUE) -> FALSE | BI18: =IF(E18="YES", "", IF(E18="NO", IF(F18="N/A",TRUE,IF(F18="YES",FALSE)))) | BJ18: =IF(E18="YES", "", IF(E18="NO", IF(AND(F18="N/A", NOT(ISBLANK(G18))), TRUE, IF(AND(F18="YES",AL18=TRUE),TRUE,FALSE)))) | BK18: =IF(OR(F18="<Select>", T18=FALSE), FALSE, TRUE) -> FALSE | BM18: Subsystem: 74 (-3)_3 Service: 55 (-3)_3 | BN18: =IF(AG6>0, FALSE, IF(AH5>0, IF(AN5=AH5, TRUE), "N/A")) -> FALSE
A19: AO_SettingsCommand | B19: YES | C19: NO | D19: NO | E19: YES | F19: <Select> | H19: =IF(B19="YES",(IF(F19="Yes",TRUE,(IF(F19="YES WITH MODIFICATION",(IF((NOT(ISBLANK(U19))),"Used with modification","Change Request?")),(IF(F19="N/A",(IF((NOT(ISBLANK(G19))),"Not Used","Rationale?")),(IF(F19="<Select>","Used?",FALSE)))))))),"N/A") -> Used? | I19: =IF(B19="YES",OR(IF(F19="YES",TRUE,FALSE),IF(AND(F19="YES WITH MODIFICATION",NOT(ISBLANK(U19))),TRUE,FALSE),(IF(F19="N/A",NOT(ISBLANK(G19))))),TRUE) -> FALSE | J19: =IF(C19="YES",(IF(F19="YES",TRUE,(IF(F19="YES WITH MODIFICATION",(IF((NOT(ISBLANK(U19))),"Used with modification","Change Request?")),(IF(F19="N/A",(IF((NOT(ISBLANK(G19))),"Not Used","Rationale?")),(IF(F19="<Select>","Used?",FALSE)))))))),"N/A") -> N/A | K19: =IF(C19="YES",OR(IF(F19="YES",TRUE,FALSE),IF(AND(F19="YES WITH MODIFICATION",NOT(ISBLANK(U19))),TRUE,FALSE),(IF(F19="N/A",NOT(ISBLANK(G19))))),TRUE) -> TRUE | L19: =IF(D19="YES",(IF(F19="YES",TRUE,(IF(F19="YES WITH MODIFICATION",(IF((NOT(ISBLANK(U19))),"Used with modification","Change Request?")),(IF(F19="N/A",(IF((NOT(ISBLANK(G19))),"Not Used","Rationale?")),(IF(F19="<Select>","Used?",FALSE)))))))),"N/A") -> N/A | M19: =IF(D19="YES",OR(IF(F19="YES",TRUE,FALSE),IF(AND(F19="YES WITH MODIFICATION",NOT(ISBLANK(U19))),TRUE,FALSE),(IF(F19="N/A",NOT(ISBLANK(G19))))),TRUE) -> TRUE | N19: =IF(E19="YES",(IF(F19="YES",TRUE,(IF(F19="YES WITH MODIFICATION",(IF((NOT(ISBLANK(U19))),"Used with modification","Change Request?")),(IF(F19="N/A",(IF((NOT(ISBLANK(G19))),"Not Used","Rationale?")),(IF(F19="<Select>","Used?",FALSE)))))))),"N/A") -> Used? | O19: =IF(E19="YES",OR(IF(F19="YES",TRUE,FALSE),IF(AND(F19="YES WITH MODIFICATION",NOT(ISBLANK(U19))),TRUE,FALSE),(IF(F19="N/A",NOT(ISBLANK(G19))))),TRUE) -> FALSE | P19: SC §3.X.X.X | Q19: <Select> | R19: <Select> | S19: <enter location here> | T19: =IF(NOT(OR(F19="Yes",F19="YES WITH MODIFICATION")),"Not Used",(AND(X19=Y19,X19=(OR(Z19=TRUE,AA19=TRUE)), X19=AB19, X19=AC19))) -> Not Used | W19: =IF(T19=TRUE,TRUE,(IF(T19="Not Used", TRUE,FALSE))) -> TRUE | X19: =IF(OR(F19="YES",F19="YES WITH MODIFICATION"),TRUE,"Not Used") -> Not Used | Y19: =IF(OR(P19="SC §3.X.X.X", ISBLANK(P19)),"Not Used", TRUE) -> Not Used | Z19: =IF(OR(Q19="<Select>",(ISBLANK(Q19))),"Not Used",TRUE) -> Not Used | AA19: =IF(OR(R19="<Select>",(ISBLANK(R19))),"Not Used",TRUE) -> Not Used | AB19: =IF(OR(S19="<enter location here>",(ISBLANK(S19))),"Not Used",TRUE) -> Not Used | AC19: =IF(F19="YES WITH MODIFICATION",IF(NOT(ISBLANK(U19)),TRUE,FALSE),TRUE) -> TRUE | AD19: =COUNTIF($X$5:$X$19, "Not Used") -> 15 | AE19: =COUNTIF($X$5:$X$19, "TRUE") -> 0 | AF19: =IF(F19="<Select>", TRUE,FALSE) -> TRUE | AH19: =COUNTIF($BB$5:$BB$727, "TRUE") -> 0 | AI19: =IF(F19="N/A", TRUE, FALSE) -> FALSE | AJ19: =IF(AI19=TRUE, IF(NOT(ISBLANK(G19)), TRUE, FALSE)) -> FALSE | AK19: =IF(F19="YES WITH MODIFICATION", TRUE, FALSE) -> FALSE | AL19: =IF(ISBLANK(U19), FALSE, TRUE) -> FALSE | AM19: =IF(AND(AK19=TRUE, AL19=TRUE), TRUE, FALSE) -> FALSE | AO19: =IF(AND(F19="YES WITH MODIFICATION", NOT(ISBLANK(U19))), TRUE, FALSE) -> FALSE | AP19: =IF(AND(B19="YES", C19="YES", D19="YES"), "Tier 1 MMS, Tier 1 Sub MMS, Tier 2 MMS", IF(AND(B19="YES", C19="YES"), "Tier 1 MMS, Tier 1 Sub MMS", IF(AND(B19="YES", D19="YES"), "Tier 1 MMS, Tier 2 MMS", IF(AND(C19="YES", D19="YES"), "Tier 1 Sub MMS, Tier 2 MMS", IF(B19="YES", "Tier 1 MMS", IF(C19="YES", "Tier 1 Sub MMS", IF(D19="YES", "Tier 2 MMS", "Not in MMS"))))))) -> Tier 1 MMS | AQ19: =IF(S19="<enter location here>", FALSE, TRUE) -> FALSE | AR19: =IF(F19="<Select>", FALSE, IF(T19=FALSE, FALSE, TRUE)) -> FALSE | AS19: =IF(ISNUMBER(SEARCH("Tier 1 Sub MMS",AP19)), IF(F19="<Select>", FALSE, IF(AND(F19="N/A", J19="Rationale?"), FALSE, TRUE)), "") | AT19: =IF(ISNUMBER(SEARCH("Tier 1 MMS",AP19)), IF(F19="<Select>", FALSE, IF(AND(F19="N/A", H19="Rationale?"), FALSE, TRUE)), "") -> FALSE | AU19: =IF(ISNUMBER(SEARCH("Tier 1 MMS",AP19)), IF(F19="<Select>", FALSE, IF(AND(F19="YES WITH MODIFICATION", H19="Change Request?"), FALSE, TRUE)), "") -> FALSE | AV19: =IF(ISNUMBER(SEARCH("Tier 1 MMS",AP19)), IF(AK19=TRUE, TRUE, ""),"") | AW19: =IF(ISNUMBER(SEARCH("Tier 1 MMS",AP19)), IF(AL19=TRUE, TRUE, ""),"") | AX19: =IF(ISNUMBER(SEARCH("Tier 1 MMS",AP19)), IF(AI19=TRUE, TRUE, ""),"") | AY19: =IF(ISNUMBER(SEARCH("Tier 1 MMS",AP19)), IF(AJ19=TRUE, TRUE, ""),"") | AZ19: =IF(ISNUMBER(SEARCH("Tier 1 Sub MMS",AP19)), IF(AK19=TRUE, TRUE, ""),"") | BA19: =IF(ISNUMBER(SEARCH("Tier 1 Sub MMS",AP19)), IF(AL19=TRUE, TRUE, ""),"") | BB19: =IF(ISNUMBER(SEARCH("Tier 1 Sub MMS",AP19)), IF(AI19=TRUE, TRUE, ""),"") | BC19: =IF(ISNUMBER(SEARCH("Tier 1 Sub MMS",AP19)), IF(AJ19=TRUE, TRUE, ""),"") | BD19: =IF(ISNUMBER(SEARCH("Tier 2 MMS",AP19)), IF(AK19=TRUE, TRUE, ""),"") | BE19: =IF(ISNUMBER(SEARCH("Tier 2 MMS",AP19)), IF(AL19=TRUE, TRUE, ""),"") | BF19: =IF(ISNUMBER(SEARCH("Tier 2 MMS",AP19)), IF(AI19=TRUE, TRUE, ""),"") | BG19: =IF(ISNUMBER(SEARCH("Tier 2 MMS",AP19)), IF(AJ19=TRUE, TRUE, ""),"") | BH19: =IF(OR(F19="<Select>", AQ19=FALSE), FALSE, TRUE) -> FALSE | BI19: =IF(E19="YES", "", IF(E19="NO", IF(F19="N/A",TRUE,IF(F19="YES",FALSE)))) | BJ19: =IF(E19="YES", "", IF(E19="NO", IF(AND(F19="N/A", NOT(ISBLANK(G19))), TRUE, IF(AND(F19="YES",AL19=TRUE),TRUE,FALSE)))) | BK19: =IF(OR(F19="<Select>", T19=FALSE), FALSE, TRUE) -> FALSE | BM19: Isolator: STD-000427 (-3)_1 Service: STD-000042 (-3)_1 Subsystem: STD-000060 (-3)_1 | BN19: =IF(AG6=0,IF(AND(AG8=AG10,AH5=AN5, AND(AR5:AR727)), TRUE,FALSE),FALSE) -> FALSE
A20: AO_SettingsCommandStatus | B20: YES | C20: NO | D20: NO | E20: YES | F20: <Select> | H20: =IF(B20="YES",(IF(F20="Yes",TRUE,(IF(F20="YES WITH MODIFICATION",(IF((NOT(ISBLANK(U20))),"Used with modification","Change Request?")),(IF(F20="N/A",(IF((NOT(ISBLANK(G20))),"Not Used","Rationale?")),(IF(F20="<Select>","Used?",FALSE)))))))),"N/A") -> Used? | I20: =IF(B20="YES",OR(IF(F20="YES",TRUE,FALSE),IF(AND(F20="YES WITH MODIFICATION",NOT(ISBLANK(U20))),TRUE,FALSE),(IF(F20="N/A",NOT(ISBLANK(G20))))),TRUE) -> FALSE | J20: =IF(C20="YES",(IF(F20="YES",TRUE,(IF(F20="YES WITH MODIFICATION",(IF((NOT(ISBLANK(U20))),"Used with modification","Change Request?")),(IF(F20="N/A",(IF((NOT(ISBLANK(G20))),"Not Used","Rationale?")),(IF(F20="<Select>","Used?",FALSE)))))))),"N/A") -> N/A | K20: =IF(C20="YES",OR(IF(F20="YES",TRUE,FALSE),IF(AND(F20="YES WITH MODIFICATION",NOT(ISBLANK(U20))),TRUE,FALSE),(IF(F20="N/A",NOT(ISBLANK(G20))))),TRUE) -> TRUE | L20: =IF(D20="YES",(IF(F20="YES",TRUE,(IF(F20="YES WITH MODIFICATION",(IF((NOT(ISBLANK(U20))),"Used with modification","Change Request?")),(IF(F20="N/A",(IF((NOT(ISBLANK(G20))),"Not Used","Rationale?")),(IF(F20="<Select>","Used?",FALSE)))))))),"N/A") -> N/A | M20: =IF(D20="YES",OR(IF(F20="YES",TRUE,FALSE),IF(AND(F20="YES WITH MODIFICATION",NOT(ISBLANK(U20))),TRUE,FALSE),(IF(F20="N/A",NOT(ISBLANK(G20))))),TRUE) -> TRUE | N20: =IF(E20="YES",(IF(F20="YES",TRUE,(IF(F20="YES WITH MODIFICATION",(IF((NOT(ISBLANK(U20))),"Used with modification","Change Request?")),(IF(F20="N/A",(IF((NOT(ISBLANK(G20))),"Not Used","Rationale?")),(IF(F20="<Select>","Used?",FALSE)))))))),"N/A") -> Used? | O20: =IF(E20="YES",OR(IF(F20="YES",TRUE,FALSE),IF(AND(F20="YES WITH MODIFICATION",NOT(ISBLANK(U20))),TRUE,FALSE),(IF(F20="N/A",NOT(ISBLANK(G20))))),TRUE) -> FALSE | P20: SC §3.X.X.X | Q20: <Select> | R20: <Select> | S20: <enter location here> | T20: =IF(NOT(OR(F20="Yes",F20="YES WITH MODIFICATION")),"Not Used",(AND(X20=Y20,X20=(OR(Z20=TRUE,AA20=TRUE)), X20=AB20, X20=AC20))) -> Not Used | W20: =IF(T20=TRUE,TRUE,(IF(T20="Not Used", TRUE,FALSE))) -> TRUE | X20: =IF(OR(F20="YES",F20="YES WITH MODIFICATION"),TRUE,"Not Used") -> Not Used | Y20: =IF(OR(P20="SC §3.X.X.X", ISBLANK(P20)),"Not Used", TRUE) -> Not Used | Z20: =IF(OR(Q20="<Select>",(ISBLANK(Q20))),"Not Used",TRUE) -> Not Used | AA20: =IF(OR(R20="<Select>",(ISBLANK(R20))),"Not Used",TRUE) -> Not Used | AB20: =IF(OR(S20="<enter location here>",(ISBLANK(S20))),"Not Used",TRUE) -> Not Used | AC20: =IF(F20="YES WITH MODIFICATION",IF(NOT(ISBLANK(U20)),TRUE,FALSE),TRUE) -> TRUE | AD20: =COUNTIF($X$5:$X$20, "Not Used") -> 16 | AE20: =COUNTIF($X$5:$X$20, "TRUE") -> 0 | AF20: =IF(F20="<Select>", TRUE,FALSE) -> TRUE | AH20: Count for Tier 1 Sub MMS "N/A" with Rationale entered | AI20: =IF(F20="N/A", TRUE, FALSE) -> FALSE | AJ20: =IF(AI20=TRUE, IF(NOT(ISBLANK(G20)), TRUE, FALSE)) -> FALSE | AK20: =IF(F20="YES WITH MODIFICATION", TRUE, FALSE) -> FALSE | AL20: =IF(ISBLANK(U20), FALSE, TRUE) -> FALSE | AM20: =IF(AND(AK20=TRUE, AL20=TRUE), TRUE, FALSE) -> FALSE | AO20: =IF(AND(F20="YES WITH MODIFICATION", NOT(ISBLANK(U20))), TRUE, FALSE) -> FALSE | AP20: =IF(AND(B20="YES", C20="YES", D20="YES"), "Tier 1 MMS, Tier 1 Sub MMS, Tier 2 MMS", IF(AND(B20="YES", C20="YES"), "Tier 1 MMS, Tier 1 Sub MMS", IF(AND(B20="YES", D20="YES"), "Tier 1 MMS, Tier 2 MMS", IF(AND(C20="YES", D20="YES"), "Tier 1 Sub MMS, Tier 2 MMS", IF(B20="YES", "Tier 1 MMS", IF(C20="YES", "Tier 1 Sub MMS", IF(D20="YES", "Tier 2 MMS", "Not in MMS"))))))) -> Tier 1 MMS | AQ20: =IF(S20="<enter location here>", FALSE, TRUE) -> FALSE | AR20: =IF(F20="<Select>", FALSE, IF(T20=FALSE, FALSE, TRUE)) -> FALSE | AS20: =IF(ISNUMBER(SEARCH("Tier 1 Sub MMS",AP20)), IF(F20="<Select>", FALSE, IF(AND(F20="N/A", J20="Rationale?"), FALSE, TRUE)), "") | AT20: =IF(ISNUMBER(SEARCH("Tier 1 MMS",AP20)), IF(F20="<Select>", FALSE, IF(AND(F20="N/A", H20="Rationale?"), FALSE, TRUE)), "") -> FALSE | AU20: =IF(ISNUMBER(SEARCH("Tier 1 MMS",AP20)), IF(F20="<Select>", FALSE, IF(AND(F20="YES WITH MODIFICATION", H20="Change Request?"), FALSE, TRUE)), "") -> FALSE | AV20: =IF(ISNUMBER(SEARCH("Tier 1 MMS",AP20)), IF(AK20=TRUE, TRUE, ""),"") | AW20: =IF(ISNUMBER(SEARCH("Tier 1 MMS",AP20)), IF(AL20=TRUE, TRUE, ""),"") | AX20: =IF(ISNUMBER(SEARCH("Tier 1 MMS",AP20)), IF(AI20=TRUE, TRUE, ""),"") | AY20: =IF(ISNUMBER(SEARCH("Tier 1 MMS",AP20)), IF(AJ20=TRUE, TRUE, ""),"") | AZ20: =IF(ISNUMBER(SEARCH("Tier 1 Sub MMS",AP20)), IF(AK20=TRUE, TRUE, ""),"") | BA20: =IF(ISNUMBER(SEARCH("Tier 1 Sub MMS",AP20)), IF(AL20=TRUE, TRUE, ""),"") | BB20: =IF(ISNUMBER(SEARCH("Tier 1 Sub MMS",AP20)), IF(AI20=TRUE, TRUE, ""),"") | BC20: =IF(ISNUMBER(SEARCH("Tier 1 Sub MMS",AP20)), IF(AJ20=TRUE, TRUE, ""),"") | BD20: =IF(ISNUMBER(SEARCH("Tier 2 MMS",AP20)), IF(AK20=TRUE, TRUE, ""),"") | BE20: =IF(ISNUMBER(SEARCH("Tier 2 MMS",AP20)), IF(AL20=TRUE, TRUE, ""),"") | BF20: =IF(ISNUMBER(SEARCH("Tier 2 MMS",AP20)), IF(AI20=TRUE, TRUE, ""),"") | BG20: =IF(ISNUMBER(SEARCH("Tier 2 MMS",AP20)), IF(AJ20=TRUE, TRUE, ""),"") | BH20: =IF(OR(F20="<Select>", AQ20=FALSE), FALSE, TRUE) -> FALSE | BI20: =IF(E20="YES", "", IF(E20="NO", IF(F20="N/A",TRUE,IF(F20="YES",FALSE)))) | BJ20: =IF(E20="YES", "", IF(E20="NO", IF(AND(F20="N/A", NOT(ISBLANK(G20))), TRUE, IF(AND(F20="YES",AL20=TRUE),TRUE,FALSE)))) | BK20: =IF(OR(F20="<Select>", T20=FALSE), FALSE, TRUE) -> FALSE | BM20: Isolator: STD-000431 (-1)_1 Subsystem: STD-000061 (-1)_1 Service: STD-000043 (-1)_1 | BN20: =AND(BH5:BH727) -> FALSE
A21: EA_Activity | B21: YES | C21: YES | D21: NO | E21: YES | F21: <Select> | H21: =IF(B21="YES",(IF(F21="Yes",TRUE,(IF(F21="YES WITH MODIFICATION",(IF((NOT(ISBLANK(U21))),"Used with modification","Change Request?")),(IF(F21="N/A",(IF((NOT(ISBLANK(G21))),"Not Used","Rationale?")),(IF(F21="<Select>","Used?",FALSE)))))))),"N/A") -> Used? | I21: =IF(B21="YES",OR(IF(F21="YES",TRUE,FALSE),IF(AND(F21="YES WITH MODIFICATION",NOT(ISBLANK(U21))),TRUE,FALSE),(IF(F21="N/A",NOT(ISBLANK(G21))))),TRUE) -> FALSE | J21: =IF(C21="YES",(IF(F21="YES",TRUE,(IF(F21="YES WITH MODIFICATION",(IF((NOT(ISBLANK(U21))),"Used with modification","Change Request?")),(IF(F21="N/A",(IF((NOT(ISBLANK(G21))),"Not Used","Rationale?")),(IF(F21="<Select>","Used?",FALSE)))))))),"N/A") -> Used? | K21: =IF(C21="YES",OR(IF(F21="YES",TRUE,FALSE),IF(AND(F21="YES WITH MODIFICATION",NOT(ISBLANK(U21))),TRUE,FALSE),(IF(F21="N/A",NOT(ISBLANK(G21))))),TRUE) -> FALSE | L21: =IF(D21="YES",(IF(F21="YES",TRUE,(IF(F21="YES WITH MODIFICATION",(IF((NOT(ISBLANK(U21))),"Used with modification","Change Request?")),(IF(F21="N/A",(IF((NOT(ISBLANK(G21))),"Not Used","Rationale?")),(IF(F21="<Select>","Used?",FALSE)))))))),"N/A") -> N/A | M21: =IF(D21="YES",OR(IF(F21="YES",TRUE,FALSE),IF(AND(F21="YES WITH MODIFICATION",NOT(ISBLANK(U21))),TRUE,FALSE),(IF(F21="N/A",NOT(ISBLANK(G21))))),TRUE) -> TRUE | N21: =IF(E21="YES",(IF(F21="YES",TRUE,(IF(F21="YES WITH MODIFICATION",(IF((NOT(ISBLANK(U21))),"Used with modification","Change Request?")),(IF(F21="N/A",(IF((NOT(ISBLANK(G21))),"Not Used","Rationale?")),(IF(F21="<Select>","Used?",FALSE)))))))),"N/A") -> Used? | O21: =IF(E21="YES",OR(IF(F21="YES",TRUE,FALSE),IF(AND(F21="YES WITH MODIFICATION",NOT(ISBLANK(U21))),TRUE,FALSE),(IF(F21="N/A",NOT(ISBLANK(G21))))),TRUE) -> FALSE | P21: SC §3.X.X.X | Q21: <Select> | R21: <Select> | S21: <enter location here> | T21: =IF(NOT(OR(F21="Yes",F21="YES WITH MODIFICATION")),"Not Used",(AND(X21=Y21,X21=(OR(Z21=TRUE,AA21=TRUE)), X21=AB21, X21=AC21))) -> Not Used | W21: =IF(T21=TRUE,TRUE,(IF(T21="Not Used", TRUE,FALSE))) -> TRUE | X21: =IF(OR(F21="YES",F21="YES WITH MODIFICATION"),TRUE,"Not Used") -> Not Used | Y21: =IF(OR(P21="SC §3.X.X.X", ISBLANK(P21)),"Not Used", TRUE) -> Not Used | Z21: =IF(OR(Q21="<Select>",(ISBLANK(Q21))),"Not Used",TRUE) -> Not Used | AA21: =IF(OR(R21="<Select>",(ISBLANK(R21))),"Not Used",TRUE) -> Not Used | AB21: =IF(OR(S21="<enter location here>",(ISBLANK(S21))),"Not Used",TRUE) -> Not Used | AC21: =IF(F21="YES WITH MODIFICATION",IF(NOT(ISBLANK(U21)),TRUE,FALSE),TRUE) -> TRUE | AD21: =COUNTIF($X$5:$X$21, "Not Used") -> 17 | AE21: =COUNTIF($X$5:$X$21, "TRUE") -> 0 | AF21: =IF(F21="<Select>", TRUE,FALSE) -> TRUE | AH21: =COUNTIF($BC$5:$BC$727, "TRUE") -> 0 | AI21: =IF(F21="N/A", TRUE, FALSE) -> FALSE | AJ21: =IF(AI21=TRUE, IF(NOT(ISBLANK(G21)), TRUE, FALSE)) -> FALSE | AK21: =IF(F21="YES WITH MODIFICATION", TRUE, FALSE) -> FALSE | AL21: =IF(ISBLANK(U21), FALSE, TRUE) -> FALSE | AM21: =IF(AND(AK21=TRUE, AL21=TRUE), TRUE, FALSE) -> FALSE | AO21: =IF(AND(F21="YES WITH MODIFICATION", NOT(ISBLANK(U21))), TRUE, FALSE) -> FALSE | AP21: =IF(AND(B21="YES", C21="YES", D21="YES"), "Tier 1 MMS, Tier 1 Sub MMS, Tier 2 MMS", IF(AND(B21="YES", C21="YES"), "Tier 1 MMS, Tier 1 Sub MMS", IF(AND(B21="YES", D21="YES"), "Tier 1 MMS, Tier 2 MMS", IF(AND(C21="YES", D21="YES"), "Tier 1 Sub MMS, Tier 2 MMS", IF(B21="YES", "Tier 1 MMS", IF(C21="YES", "Tier 1 Sub MMS", IF(D21="YES", "Tier 2 MMS", "Not in MMS"))))))) -> Tier 1 MMS, Tier 1 Sub MMS | AQ21: =IF(S21="<enter location here>", FALSE, TRUE) -> FALSE | AR21: =IF(F21="<Select>", FALSE, IF(T21=FALSE, FALSE, TRUE)) -> FALSE | AS21: =IF(ISNUMBER(SEARCH("Tier 1 Sub MMS",AP21)), IF(F21="<Select>", FALSE, IF(AND(F21="N/A", J21="Rationale?"), FALSE, TRUE)), "") -> FALSE | AT21: =IF(ISNUMBER(SEARCH("Tier 1 MMS",AP21)), IF(F21="<Select>", FALSE, IF(AND(F21="N/A", H21="Rationale?"), FALSE, TRUE)), "") -> FALSE | AU21: =IF(ISNUMBER(SEARCH("Tier 1 MMS",AP21)), IF(F21="<Select>", FALSE, IF(AND(F21="YES WITH MODIFICATION", H21="Change Request?"), FALSE, TRUE)), "") -> FALSE | AV21: =IF(ISNUMBER(SEARCH("Tier 1 MMS",AP21)), IF(AK21=TRUE, TRUE, ""),"") | AW21: =IF(ISNUMBER(SEARCH("Tier 1 MMS",AP21)), IF(AL21=TRUE, TRUE, ""),"") | AX21: =IF(ISNUMBER(SEARCH("Tier 1 MMS",AP21)), IF(AI21=TRUE, TRUE, ""),"") | AY21: =IF(ISNUMBER(SEARCH("Tier 1 MMS",AP21)), IF(AJ21=TRUE, TRUE, ""),"") | AZ21: =IF(ISNUMBER(SEARCH("Tier 1 Sub MMS",AP21)), IF(AK21=TRUE, TRUE, ""),"") | BA21: =IF(ISNUMBER(SEARCH("Tier 1 Sub MMS",AP21)), IF(AL21=TRUE, TRUE, ""),"") | BB21: =IF(ISNUMBER(SEARCH("Tier 1 Sub MMS",AP21)), IF(AI21=TRUE, TRUE, ""),"") | BC21: =IF(ISNUMBER(SEARCH("Tier 1 Sub MMS",AP21)), IF(AJ21=TRUE, TRUE, ""),"") | BD21: =IF(ISNUMBER(SEARCH("Tier 2 MMS",AP21)), IF(AK21=TRUE, TRUE, ""),"") | BE21: =IF(ISNUMBER(SEARCH("Tier 2 MMS",AP21)), IF(AL21=TRUE, TRUE, ""),"") | BF21: =IF(ISNUMBER(SEARCH("Tier 2 MMS",AP21)), IF(AI21=TRUE, TRUE, ""),"") | BG21: =IF(ISNUMBER(SEARCH("Tier 2 MMS",AP21)), IF(AJ21=TRUE, TRUE, ""),"") | BH21: =IF(OR(F21="<Select>", AQ21=FALSE), FALSE, TRUE) -> FALSE | BI21: =IF(E21="YES", "", IF(E21="NO", IF(F21="N/A",TRUE,IF(F21="YES",FALSE)))) | BJ21: =IF(E21="YES", "", IF(E21="NO", IF(AND(F21="N/A", NOT(ISBLANK(G21))), TRUE, IF(AND(F21="YES",AL21=TRUE),TRUE,FALSE)))) | BK21: =IF(OR(F21="<Select>", T21=FALSE), FALSE, TRUE) -> FALSE
